,Date,Plt,Well,WellID,Time_h,RawOD,Col,Row,Cpd,Qrt,uM,Species,Strain,Nick,Dil,Date_Plt_Timeh,mean_RawOD_minus1,OD,mean_OD_zero,Fit
0,5/4/2022,4,M1,1-4-M1,0,0.217,1,M,Azithromycin,1,100,S. flexneri,M90T,Sf,100x,2022-05-04 - 4 - 0.0,0.187,0.03,0.03,1
1,5/4/2022,4,M1,1-4-M1,1.08,0.233,1,M,Azithromycin,1,100,S. flexneri,M90T,Sf,100x,2022-05-04 - 4 - 1.08,0.193,0.04,0.03,1.333333333
2,5/4/2022,4,M1,1-4-M1,2.16,0.213,1,M,Azithromycin,1,100,S. flexneri,M90T,Sf,100x,2022-05-04 - 4 - 2.16,0.195,0.03,0.041,0.731707317
3,5/4/2022,4,M1,1-4-M1,3.24,0.213,1,M,Azithromycin,1,100,S. flexneri,M90T,Sf,100x,2022-05-04 - 4 - 3.24,0.192,0.03,0.121,0.247933884
4,5/4/2022,4,M1,1-4-M1,4.32,0.212,1,M,Azithromycin,1,100,S. flexneri,M90T,Sf,100x,2022-05-04 - 4 - 4.32,0.19,0.03,0.192,0.15625
5,5/4/2022,4,M1,1-4-M1,5.41,0.211,1,M,Azithromycin,1,100,S. flexneri,M90T,Sf,100x,2022-05-04 - 4 - 5.41,0.189,0.03,0.242,0.123966942
6,5/4/2022,4,M1,1-4-M1,6.49,0.21,1,M,Azithromycin,1,100,S. flexneri,M90T,Sf,100x,2022-05-04 - 4 - 6.49,0.187,0.03,0.282,0.106382979
7,5/4/2022,4,M1,1-4-M1,7.57,0.21,1,M,Azithromycin,1,100,S. flexneri,M90T,Sf,100x,2022-05-04 - 4 - 7.57,0.187,0.03,0.308,0.097402597
8,5/4/2022,4,M1,1-4-M1,8.65,0.209,1,M,Azithromycin,1,100,S. flexneri,M90T,Sf,100x,2022-05-04 - 4 - 8.65,0.186,0.03,0.325,0.092307692
9,5/4/2022,4,M1,1-4-M1,9.73,0.209,1,M,Azithromycin,1,100,S. flexneri,M90T,Sf,100x,2022-05-04 - 4 - 9.73,0.186,0.03,0.339,0.088495575
10,5/4/2022,4,M1,1-4-M1,10.82,0.208,1,M,Azithromycin,1,100,S. flexneri,M90T,Sf,100x,2022-05-04 - 4 - 10.82,0.186,0.03,0.344,0.087209302
11,5/4/2022,4,M1,1-4-M1,11.9,0.208,1,M,Azithromycin,1,100,S. flexneri,M90T,Sf,100x,2022-05-04 - 4 - 11.9,0.187,0.03,0.351,0.085470085
12,5/4/2022,4,M1,1-4-M1,12.98,0.208,1,M,Azithromycin,1,100,S. flexneri,M90T,Sf,100x,2022-05-04 - 4 - 12.98,0.187,0.03,0.353,0.084985836
13,5/4/2022,4,M1,1-4-M1,14.06,0.207,1,M,Azithromycin,1,100,S. flexneri,M90T,Sf,100x,2022-05-04 - 4 - 14.06,0.186,0.03,0.36,0.083333333
14,5/4/2022,4,M1,1-4-M1,15.14,0.208,1,M,Azithromycin,1,100,S. flexneri,M90T,Sf,100x,2022-05-04 - 4 - 15.14,0.187,0.03,0.364,0.082417582
15,5/4/2022,4,M11,1-4-M11,0,0.209,11,M,Azithromycin,1,0.3,S. flexneri,M90T,Sf,100x,2022-05-04 - 4 - 0.0,0.187,0.03,0.03,1
16,5/4/2022,4,M11,1-4-M11,1.08,0.221,11,M,Azithromycin,1,0.3,S. flexneri,M90T,Sf,100x,2022-05-04 - 4 - 1.08,0.193,0.03,0.03,1
17,5/4/2022,4,M11,1-4-M11,2.16,0.253,11,M,Azithromycin,1,0.3,S. flexneri,M90T,Sf,100x,2022-05-04 - 4 - 2.16,0.195,0.058,0.041,1.414634146
18,5/4/2022,4,M11,1-4-M11,3.24,0.319,11,M,Azithromycin,1,0.3,S. flexneri,M90T,Sf,100x,2022-05-04 - 4 - 3.24,0.192,0.127,0.121,1.049586777
19,5/4/2022,4,M11,1-4-M11,4.32,0.377,11,M,Azithromycin,1,0.3,S. flexneri,M90T,Sf,100x,2022-05-04 - 4 - 4.32,0.19,0.187,0.192,0.973958333
20,5/4/2022,4,M11,1-4-M11,5.41,0.42,11,M,Azithromycin,1,0.3,S. flexneri,M90T,Sf,100x,2022-05-04 - 4 - 5.41,0.189,0.231,0.242,0.954545455
21,5/4/2022,4,M11,1-4-M11,6.49,0.456,11,M,Azithromycin,1,0.3,S. flexneri,M90T,Sf,100x,2022-05-04 - 4 - 6.49,0.187,0.269,0.282,0.953900709
22,5/4/2022,4,M11,1-4-M11,7.57,0.488,11,M,Azithromycin,1,0.3,S. flexneri,M90T,Sf,100x,2022-05-04 - 4 - 7.57,0.187,0.301,0.308,0.977272727
23,5/4/2022,4,M11,1-4-M11,8.65,0.502,11,M,Azithromycin,1,0.3,S. flexneri,M90T,Sf,100x,2022-05-04 - 4 - 8.65,0.186,0.316,0.325,0.972307692
24,5/4/2022,4,M11,1-4-M11,9.73,0.522,11,M,Azithromycin,1,0.3,S. flexneri,M90T,Sf,100x,2022-05-04 - 4 - 9.73,0.186,0.336,0.339,0.991150442
25,5/4/2022,4,M11,1-4-M11,10.82,0.53,11,M,Azithromycin,1,0.3,S. flexneri,M90T,Sf,100x,2022-05-04 - 4 - 10.82,0.186,0.344,0.344,1
26,5/4/2022,4,M11,1-4-M11,11.9,0.54,11,M,Azithromycin,1,0.3,S. flexneri,M90T,Sf,100x,2022-05-04 - 4 - 11.9,0.187,0.353,0.351,1.005698006
27,5/4/2022,4,M11,1-4-M11,12.98,0.539,11,M,Azithromycin,1,0.3,S. flexneri,M90T,Sf,100x,2022-05-04 - 4 - 12.98,0.187,0.352,0.353,0.997167139
28,5/4/2022,4,M11,1-4-M11,14.06,0.547,11,M,Azithromycin,1,0.3,S. flexneri,M90T,Sf,100x,2022-05-04 - 4 - 14.06,0.186,0.361,0.36,1.002777778
29,5/4/2022,4,M11,1-4-M11,15.14,0.551,11,M,Azithromycin,1,0.3,S. flexneri,M90T,Sf,100x,2022-05-04 - 4 - 15.14,0.187,0.364,0.364,1
30,5/4/2022,4,M13,1-4-M13,0,0.209,13,M,Azithromycin,1,0.1,S. flexneri,M90T,Sf,100x,2022-05-04 - 4 - 0.0,0.187,0.03,0.03,1
31,5/4/2022,4,M13,1-4-M13,1.08,0.22,13,M,Azithromycin,1,0.1,S. flexneri,M90T,Sf,100x,2022-05-04 - 4 - 1.08,0.193,0.03,0.03,1
32,5/4/2022,4,M13,1-4-M13,2.16,0.253,13,M,Azithromycin,1,0.1,S. flexneri,M90T,Sf,100x,2022-05-04 - 4 - 2.16,0.195,0.058,0.041,1.414634146
33,5/4/2022,4,M13,1-4-M13,3.24,0.314,13,M,Azithromycin,1,0.1,S. flexneri,M90T,Sf,100x,2022-05-04 - 4 - 3.24,0.192,0.122,0.121,1.008264463
34,5/4/2022,4,M13,1-4-M13,4.32,0.369,13,M,Azithromycin,1,0.1,S. flexneri,M90T,Sf,100x,2022-05-04 - 4 - 4.32,0.19,0.179,0.192,0.932291667
35,5/4/2022,4,M13,1-4-M13,5.41,0.412,13,M,Azithromycin,1,0.1,S. flexneri,M90T,Sf,100x,2022-05-04 - 4 - 5.41,0.189,0.223,0.242,0.921487603
36,5/4/2022,4,M13,1-4-M13,6.49,0.444,13,M,Azithromycin,1,0.1,S. flexneri,M90T,Sf,100x,2022-05-04 - 4 - 6.49,0.187,0.257,0.282,0.911347518
37,5/4/2022,4,M13,1-4-M13,7.57,0.476,13,M,Azithromycin,1,0.1,S. flexneri,M90T,Sf,100x,2022-05-04 - 4 - 7.57,0.187,0.289,0.308,0.938311688
38,5/4/2022,4,M13,1-4-M13,8.65,0.488,13,M,Azithromycin,1,0.1,S. flexneri,M90T,Sf,100x,2022-05-04 - 4 - 8.65,0.186,0.302,0.325,0.929230769
39,5/4/2022,4,M13,1-4-M13,9.73,0.505,13,M,Azithromycin,1,0.1,S. flexneri,M90T,Sf,100x,2022-05-04 - 4 - 9.73,0.186,0.319,0.339,0.94100295
40,5/4/2022,4,M13,1-4-M13,10.82,0.517,13,M,Azithromycin,1,0.1,S. flexneri,M90T,Sf,100x,2022-05-04 - 4 - 10.82,0.186,0.331,0.344,0.962209302
41,5/4/2022,4,M13,1-4-M13,11.9,0.529,13,M,Azithromycin,1,0.1,S. flexneri,M90T,Sf,100x,2022-05-04 - 4 - 11.9,0.187,0.342,0.351,0.974358974
42,5/4/2022,4,M13,1-4-M13,12.98,0.526,13,M,Azithromycin,1,0.1,S. flexneri,M90T,Sf,100x,2022-05-04 - 4 - 12.98,0.187,0.339,0.353,0.960339943
43,5/4/2022,4,M13,1-4-M13,14.06,0.54,13,M,Azithromycin,1,0.1,S. flexneri,M90T,Sf,100x,2022-05-04 - 4 - 14.06,0.186,0.354,0.36,0.983333333
44,5/4/2022,4,M13,1-4-M13,15.14,0.544,13,M,Azithromycin,1,0.1,S. flexneri,M90T,Sf,100x,2022-05-04 - 4 - 15.14,0.187,0.357,0.364,0.980769231
45,5/4/2022,4,M15,1-4-M15,0,0.189,15,M,Azithromycin,1,0.03,S. flexneri,M90T,Sf,100x,2022-05-04 - 4 - 0.0,0.187,0.03,0.03,1
46,5/4/2022,4,M15,1-4-M15,1.08,0.204,15,M,Azithromycin,1,0.03,S. flexneri,M90T,Sf,100x,2022-05-04 - 4 - 1.08,0.193,0.03,0.03,1
47,5/4/2022,4,M15,1-4-M15,2.16,0.241,15,M,Azithromycin,1,0.03,S. flexneri,M90T,Sf,100x,2022-05-04 - 4 - 2.16,0.195,0.046,0.041,1.12195122
48,5/4/2022,4,M15,1-4-M15,3.24,0.314,15,M,Azithromycin,1,0.03,S. flexneri,M90T,Sf,100x,2022-05-04 - 4 - 3.24,0.192,0.122,0.121,1.008264463
49,5/4/2022,4,M15,1-4-M15,4.32,0.371,15,M,Azithromycin,1,0.03,S. flexneri,M90T,Sf,100x,2022-05-04 - 4 - 4.32,0.19,0.181,0.192,0.942708333
50,5/4/2022,4,M15,1-4-M15,5.41,0.408,15,M,Azithromycin,1,0.03,S. flexneri,M90T,Sf,100x,2022-05-04 - 4 - 5.41,0.189,0.219,0.242,0.904958678
51,5/4/2022,4,M15,1-4-M15,6.49,0.434,15,M,Azithromycin,1,0.03,S. flexneri,M90T,Sf,100x,2022-05-04 - 4 - 6.49,0.187,0.247,0.282,0.875886525
52,5/4/2022,4,M15,1-4-M15,7.57,0.457,15,M,Azithromycin,1,0.03,S. flexneri,M90T,Sf,100x,2022-05-04 - 4 - 7.57,0.187,0.27,0.308,0.876623377
53,5/4/2022,4,M15,1-4-M15,8.65,0.475,15,M,Azithromycin,1,0.03,S. flexneri,M90T,Sf,100x,2022-05-04 - 4 - 8.65,0.186,0.289,0.325,0.889230769
54,5/4/2022,4,M15,1-4-M15,9.73,0.485,15,M,Azithromycin,1,0.03,S. flexneri,M90T,Sf,100x,2022-05-04 - 4 - 9.73,0.186,0.299,0.339,0.8820059
55,5/4/2022,4,M15,1-4-M15,10.82,0.497,15,M,Azithromycin,1,0.03,S. flexneri,M90T,Sf,100x,2022-05-04 - 4 - 10.82,0.186,0.311,0.344,0.904069767
56,5/4/2022,4,M15,1-4-M15,11.9,0.509,15,M,Azithromycin,1,0.03,S. flexneri,M90T,Sf,100x,2022-05-04 - 4 - 11.9,0.187,0.322,0.351,0.917378917
57,5/4/2022,4,M15,1-4-M15,12.98,0.513,15,M,Azithromycin,1,0.03,S. flexneri,M90T,Sf,100x,2022-05-04 - 4 - 12.98,0.187,0.326,0.353,0.923512748
58,5/4/2022,4,M15,1-4-M15,14.06,0.52,15,M,Azithromycin,1,0.03,S. flexneri,M90T,Sf,100x,2022-05-04 - 4 - 14.06,0.186,0.334,0.36,0.927777778
59,5/4/2022,4,M15,1-4-M15,15.14,0.528,15,M,Azithromycin,1,0.03,S. flexneri,M90T,Sf,100x,2022-05-04 - 4 - 15.14,0.187,0.341,0.364,0.936813187
60,5/4/2022,4,M17,1-4-M17,0,0.188,17,M,Azithromycin,1,0.01,S. flexneri,M90T,Sf,100x,2022-05-04 - 4 - 0.0,0.187,0.03,0.03,1
61,5/4/2022,4,M17,1-4-M17,1.08,0.206,17,M,Azithromycin,1,0.01,S. flexneri,M90T,Sf,100x,2022-05-04 - 4 - 1.08,0.193,0.03,0.03,1
62,5/4/2022,4,M17,1-4-M17,2.16,0.241,17,M,Azithromycin,1,0.01,S. flexneri,M90T,Sf,100x,2022-05-04 - 4 - 2.16,0.195,0.046,0.041,1.12195122
63,5/4/2022,4,M17,1-4-M17,3.24,0.318,17,M,Azithromycin,1,0.01,S. flexneri,M90T,Sf,100x,2022-05-04 - 4 - 3.24,0.192,0.126,0.121,1.041322314
64,5/4/2022,4,M17,1-4-M17,4.32,0.38,17,M,Azithromycin,1,0.01,S. flexneri,M90T,Sf,100x,2022-05-04 - 4 - 4.32,0.19,0.19,0.192,0.989583333
65,5/4/2022,4,M17,1-4-M17,5.41,0.417,17,M,Azithromycin,1,0.01,S. flexneri,M90T,Sf,100x,2022-05-04 - 4 - 5.41,0.189,0.228,0.242,0.94214876
66,5/4/2022,4,M17,1-4-M17,6.49,0.44,17,M,Azithromycin,1,0.01,S. flexneri,M90T,Sf,100x,2022-05-04 - 4 - 6.49,0.187,0.253,0.282,0.897163121
67,5/4/2022,4,M17,1-4-M17,7.57,0.462,17,M,Azithromycin,1,0.01,S. flexneri,M90T,Sf,100x,2022-05-04 - 4 - 7.57,0.187,0.275,0.308,0.892857143
68,5/4/2022,4,M17,1-4-M17,8.65,0.479,17,M,Azithromycin,1,0.01,S. flexneri,M90T,Sf,100x,2022-05-04 - 4 - 8.65,0.186,0.293,0.325,0.901538462
69,5/4/2022,4,M17,1-4-M17,9.73,0.491,17,M,Azithromycin,1,0.01,S. flexneri,M90T,Sf,100x,2022-05-04 - 4 - 9.73,0.186,0.305,0.339,0.899705015
70,5/4/2022,4,M17,1-4-M17,10.82,0.501,17,M,Azithromycin,1,0.01,S. flexneri,M90T,Sf,100x,2022-05-04 - 4 - 10.82,0.186,0.315,0.344,0.915697674
71,5/4/2022,4,M17,1-4-M17,11.9,0.514,17,M,Azithromycin,1,0.01,S. flexneri,M90T,Sf,100x,2022-05-04 - 4 - 11.9,0.187,0.327,0.351,0.931623932
72,5/4/2022,4,M17,1-4-M17,12.98,0.518,17,M,Azithromycin,1,0.01,S. flexneri,M90T,Sf,100x,2022-05-04 - 4 - 12.98,0.187,0.331,0.353,0.937677054
73,5/4/2022,4,M17,1-4-M17,14.06,0.524,17,M,Azithromycin,1,0.01,S. flexneri,M90T,Sf,100x,2022-05-04 - 4 - 14.06,0.186,0.338,0.36,0.938888889
74,5/4/2022,4,M17,1-4-M17,15.14,0.532,17,M,Azithromycin,1,0.01,S. flexneri,M90T,Sf,100x,2022-05-04 - 4 - 15.14,0.187,0.345,0.364,0.947802198
75,5/4/2022,4,M19,1-4-M19,0,0.19,19,M,Azithromycin,1,0.003,S. flexneri,M90T,Sf,100x,2022-05-04 - 4 - 0.0,0.187,0.03,0.03,1
76,5/4/2022,4,M19,1-4-M19,1.08,0.202,19,M,Azithromycin,1,0.003,S. flexneri,M90T,Sf,100x,2022-05-04 - 4 - 1.08,0.193,0.03,0.03,1
77,5/4/2022,4,M19,1-4-M19,2.16,0.237,19,M,Azithromycin,1,0.003,S. flexneri,M90T,Sf,100x,2022-05-04 - 4 - 2.16,0.195,0.042,0.041,1.024390244
78,5/4/2022,4,M19,1-4-M19,3.24,0.305,19,M,Azithromycin,1,0.003,S. flexneri,M90T,Sf,100x,2022-05-04 - 4 - 3.24,0.192,0.113,0.121,0.933884298
79,5/4/2022,4,M19,1-4-M19,4.32,0.362,19,M,Azithromycin,1,0.003,S. flexneri,M90T,Sf,100x,2022-05-04 - 4 - 4.32,0.19,0.172,0.192,0.895833333
80,5/4/2022,4,M19,1-4-M19,5.41,0.402,19,M,Azithromycin,1,0.003,S. flexneri,M90T,Sf,100x,2022-05-04 - 4 - 5.41,0.189,0.213,0.242,0.880165289
81,5/4/2022,4,M19,1-4-M19,6.49,0.432,19,M,Azithromycin,1,0.003,S. flexneri,M90T,Sf,100x,2022-05-04 - 4 - 6.49,0.187,0.245,0.282,0.868794326
82,5/4/2022,4,M19,1-4-M19,7.57,0.456,19,M,Azithromycin,1,0.003,S. flexneri,M90T,Sf,100x,2022-05-04 - 4 - 7.57,0.187,0.269,0.308,0.873376623
83,5/4/2022,4,M19,1-4-M19,8.65,0.475,19,M,Azithromycin,1,0.003,S. flexneri,M90T,Sf,100x,2022-05-04 - 4 - 8.65,0.186,0.289,0.325,0.889230769
84,5/4/2022,4,M19,1-4-M19,9.73,0.489,19,M,Azithromycin,1,0.003,S. flexneri,M90T,Sf,100x,2022-05-04 - 4 - 9.73,0.186,0.303,0.339,0.89380531
85,5/4/2022,4,M19,1-4-M19,10.82,0.5,19,M,Azithromycin,1,0.003,S. flexneri,M90T,Sf,100x,2022-05-04 - 4 - 10.82,0.186,0.314,0.344,0.912790698
86,5/4/2022,4,M19,1-4-M19,11.9,0.514,19,M,Azithromycin,1,0.003,S. flexneri,M90T,Sf,100x,2022-05-04 - 4 - 11.9,0.187,0.327,0.351,0.931623932
87,5/4/2022,4,M19,1-4-M19,12.98,0.518,19,M,Azithromycin,1,0.003,S. flexneri,M90T,Sf,100x,2022-05-04 - 4 - 12.98,0.187,0.331,0.353,0.937677054
88,5/4/2022,4,M19,1-4-M19,14.06,0.524,19,M,Azithromycin,1,0.003,S. flexneri,M90T,Sf,100x,2022-05-04 - 4 - 14.06,0.186,0.338,0.36,0.938888889
89,5/4/2022,4,M19,1-4-M19,15.14,0.532,19,M,Azithromycin,1,0.003,S. flexneri,M90T,Sf,100x,2022-05-04 - 4 - 15.14,0.187,0.345,0.364,0.947802198
90,5/4/2022,4,M21,1-4-M21,0,0.188,21,M,Azithromycin,1,0,S. flexneri,M90T,Sf,100x,2022-05-04 - 4 - 0.0,0.187,0.03,0.03,1
91,5/4/2022,4,M21,1-4-M21,1.08,0.202,21,M,Azithromycin,1,0,S. flexneri,M90T,Sf,100x,2022-05-04 - 4 - 1.08,0.193,0.03,0.03,1
92,5/4/2022,4,M21,1-4-M21,2.16,0.236,21,M,Azithromycin,1,0,S. flexneri,M90T,Sf,100x,2022-05-04 - 4 - 2.16,0.195,0.041,0.041,1
93,5/4/2022,4,M21,1-4-M21,3.24,0.313,21,M,Azithromycin,1,0,S. flexneri,M90T,Sf,100x,2022-05-04 - 4 - 3.24,0.192,0.121,0.121,1
94,5/4/2022,4,M21,1-4-M21,4.32,0.382,21,M,Azithromycin,1,0,S. flexneri,M90T,Sf,100x,2022-05-04 - 4 - 4.32,0.19,0.192,0.192,1
95,5/4/2022,4,M21,1-4-M21,5.41,0.431,21,M,Azithromycin,1,0,S. flexneri,M90T,Sf,100x,2022-05-04 - 4 - 5.41,0.189,0.242,0.242,1
96,5/4/2022,4,M21,1-4-M21,6.49,0.469,21,M,Azithromycin,1,0,S. flexneri,M90T,Sf,100x,2022-05-04 - 4 - 6.49,0.187,0.282,0.282,1
97,5/4/2022,4,M21,1-4-M21,7.57,0.495,21,M,Azithromycin,1,0,S. flexneri,M90T,Sf,100x,2022-05-04 - 4 - 7.57,0.187,0.308,0.308,1
98,5/4/2022,4,M21,1-4-M21,8.65,0.511,21,M,Azithromycin,1,0,S. flexneri,M90T,Sf,100x,2022-05-04 - 4 - 8.65,0.186,0.325,0.325,1
99,5/4/2022,4,M21,1-4-M21,9.73,0.525,21,M,Azithromycin,1,0,S. flexneri,M90T,Sf,100x,2022-05-04 - 4 - 9.73,0.186,0.339,0.339,1
100,5/4/2022,4,M21,1-4-M21,10.82,0.53,21,M,Azithromycin,1,0,S. flexneri,M90T,Sf,100x,2022-05-04 - 4 - 10.82,0.186,0.344,0.344,1
101,5/4/2022,4,M21,1-4-M21,11.9,0.538,21,M,Azithromycin,1,0,S. flexneri,M90T,Sf,100x,2022-05-04 - 4 - 11.9,0.187,0.351,0.351,1
102,5/4/2022,4,M21,1-4-M21,12.98,0.54,21,M,Azithromycin,1,0,S. flexneri,M90T,Sf,100x,2022-05-04 - 4 - 12.98,0.187,0.353,0.353,1
103,5/4/2022,4,M21,1-4-M21,14.06,0.546,21,M,Azithromycin,1,0,S. flexneri,M90T,Sf,100x,2022-05-04 - 4 - 14.06,0.186,0.36,0.36,1
104,5/4/2022,4,M21,1-4-M21,15.14,0.551,21,M,Azithromycin,1,0,S. flexneri,M90T,Sf,100x,2022-05-04 - 4 - 15.14,0.187,0.364,0.364,1
105,5/4/2022,4,M23,1-4-M23,0,0.187,23,M,Azithromycin,1,-1,S. flexneri,M90T,Sf,100x,2022-05-04 - 4 - 0.0,0.187,0.03,0.03,1
106,5/4/2022,4,M23,1-4-M23,1.08,0.193,23,M,Azithromycin,1,-1,S. flexneri,M90T,Sf,100x,2022-05-04 - 4 - 1.08,0.193,0.03,0.03,1
107,5/4/2022,4,M23,1-4-M23,2.16,0.195,23,M,Azithromycin,1,-1,S. flexneri,M90T,Sf,100x,2022-05-04 - 4 - 2.16,0.195,0.03,0.041,0.731707317
108,5/4/2022,4,M23,1-4-M23,3.24,0.192,23,M,Azithromycin,1,-1,S. flexneri,M90T,Sf,100x,2022-05-04 - 4 - 3.24,0.192,0.03,0.121,0.247933884
109,5/4/2022,4,M23,1-4-M23,4.32,0.19,23,M,Azithromycin,1,-1,S. flexneri,M90T,Sf,100x,2022-05-04 - 4 - 4.32,0.19,0.03,0.192,0.15625
110,5/4/2022,4,M23,1-4-M23,5.41,0.189,23,M,Azithromycin,1,-1,S. flexneri,M90T,Sf,100x,2022-05-04 - 4 - 5.41,0.189,0.03,0.242,0.123966942
111,5/4/2022,4,M23,1-4-M23,6.49,0.187,23,M,Azithromycin,1,-1,S. flexneri,M90T,Sf,100x,2022-05-04 - 4 - 6.49,0.187,0.03,0.282,0.106382979
112,5/4/2022,4,M23,1-4-M23,7.57,0.187,23,M,Azithromycin,1,-1,S. flexneri,M90T,Sf,100x,2022-05-04 - 4 - 7.57,0.187,0.03,0.308,0.097402597
113,5/4/2022,4,M23,1-4-M23,8.65,0.186,23,M,Azithromycin,1,-1,S. flexneri,M90T,Sf,100x,2022-05-04 - 4 - 8.65,0.186,0.03,0.325,0.092307692
114,5/4/2022,4,M23,1-4-M23,9.73,0.186,23,M,Azithromycin,1,-1,S. flexneri,M90T,Sf,100x,2022-05-04 - 4 - 9.73,0.186,0.03,0.339,0.088495575
115,5/4/2022,4,M23,1-4-M23,10.82,0.186,23,M,Azithromycin,1,-1,S. flexneri,M90T,Sf,100x,2022-05-04 - 4 - 10.82,0.186,0.03,0.344,0.087209302
116,5/4/2022,4,M23,1-4-M23,11.9,0.187,23,M,Azithromycin,1,-1,S. flexneri,M90T,Sf,100x,2022-05-04 - 4 - 11.9,0.187,0.03,0.351,0.085470085
117,5/4/2022,4,M23,1-4-M23,12.98,0.187,23,M,Azithromycin,1,-1,S. flexneri,M90T,Sf,100x,2022-05-04 - 4 - 12.98,0.187,0.03,0.353,0.084985836
118,5/4/2022,4,M23,1-4-M23,14.06,0.186,23,M,Azithromycin,1,-1,S. flexneri,M90T,Sf,100x,2022-05-04 - 4 - 14.06,0.186,0.03,0.36,0.083333333
119,5/4/2022,4,M23,1-4-M23,15.14,0.187,23,M,Azithromycin,1,-1,S. flexneri,M90T,Sf,100x,2022-05-04 - 4 - 15.14,0.187,0.03,0.364,0.082417582
120,5/4/2022,4,M3,1-4-M3,0,0.196,3,M,Azithromycin,1,30,S. flexneri,M90T,Sf,100x,2022-05-04 - 4 - 0.0,0.187,0.03,0.03,1
121,5/4/2022,4,M3,1-4-M3,1.08,0.2,3,M,Azithromycin,1,30,S. flexneri,M90T,Sf,100x,2022-05-04 - 4 - 1.08,0.193,0.03,0.03,1
122,5/4/2022,4,M3,1-4-M3,2.16,0.202,3,M,Azithromycin,1,30,S. flexneri,M90T,Sf,100x,2022-05-04 - 4 - 2.16,0.195,0.03,0.041,0.731707317
123,5/4/2022,4,M3,1-4-M3,3.24,0.204,3,M,Azithromycin,1,30,S. flexneri,M90T,Sf,100x,2022-05-04 - 4 - 3.24,0.192,0.03,0.121,0.247933884
124,5/4/2022,4,M3,1-4-M3,4.32,0.206,3,M,Azithromycin,1,30,S. flexneri,M90T,Sf,100x,2022-05-04 - 4 - 4.32,0.19,0.03,0.192,0.15625
125,5/4/2022,4,M3,1-4-M3,5.41,0.21,3,M,Azithromycin,1,30,S. flexneri,M90T,Sf,100x,2022-05-04 - 4 - 5.41,0.189,0.03,0.242,0.123966942
126,5/4/2022,4,M3,1-4-M3,6.49,0.215,3,M,Azithromycin,1,30,S. flexneri,M90T,Sf,100x,2022-05-04 - 4 - 6.49,0.187,0.03,0.282,0.106382979
127,5/4/2022,4,M3,1-4-M3,7.57,0.223,3,M,Azithromycin,1,30,S. flexneri,M90T,Sf,100x,2022-05-04 - 4 - 7.57,0.187,0.036,0.308,0.116883117
128,5/4/2022,4,M3,1-4-M3,8.65,0.236,3,M,Azithromycin,1,30,S. flexneri,M90T,Sf,100x,2022-05-04 - 4 - 8.65,0.186,0.05,0.325,0.153846154
129,5/4/2022,4,M3,1-4-M3,9.73,0.252,3,M,Azithromycin,1,30,S. flexneri,M90T,Sf,100x,2022-05-04 - 4 - 9.73,0.186,0.066,0.339,0.194690265
130,5/4/2022,4,M3,1-4-M3,10.82,0.268,3,M,Azithromycin,1,30,S. flexneri,M90T,Sf,100x,2022-05-04 - 4 - 10.82,0.186,0.082,0.344,0.238372093
131,5/4/2022,4,M3,1-4-M3,11.9,0.287,3,M,Azithromycin,1,30,S. flexneri,M90T,Sf,100x,2022-05-04 - 4 - 11.9,0.187,0.1,0.351,0.284900285
132,5/4/2022,4,M3,1-4-M3,12.98,0.306,3,M,Azithromycin,1,30,S. flexneri,M90T,Sf,100x,2022-05-04 - 4 - 12.98,0.187,0.119,0.353,0.337110482
133,5/4/2022,4,M3,1-4-M3,14.06,0.322,3,M,Azithromycin,1,30,S. flexneri,M90T,Sf,100x,2022-05-04 - 4 - 14.06,0.186,0.136,0.36,0.377777778
134,5/4/2022,4,M3,1-4-M3,15.14,0.338,3,M,Azithromycin,1,30,S. flexneri,M90T,Sf,100x,2022-05-04 - 4 - 15.14,0.187,0.151,0.364,0.414835165
135,5/4/2022,4,M5,1-4-M5,0,0.216,5,M,Azithromycin,1,10,S. flexneri,M90T,Sf,100x,2022-05-04 - 4 - 0.0,0.187,0.03,0.03,1
136,5/4/2022,4,M5,1-4-M5,1.08,0.226,5,M,Azithromycin,1,10,S. flexneri,M90T,Sf,100x,2022-05-04 - 4 - 1.08,0.193,0.033,0.03,1.1
137,5/4/2022,4,M5,1-4-M5,2.16,0.236,5,M,Azithromycin,1,10,S. flexneri,M90T,Sf,100x,2022-05-04 - 4 - 2.16,0.195,0.041,0.041,1
138,5/4/2022,4,M5,1-4-M5,3.24,0.262,5,M,Azithromycin,1,10,S. flexneri,M90T,Sf,100x,2022-05-04 - 4 - 3.24,0.192,0.07,0.121,0.578512397
139,5/4/2022,4,M5,1-4-M5,4.32,0.292,5,M,Azithromycin,1,10,S. flexneri,M90T,Sf,100x,2022-05-04 - 4 - 4.32,0.19,0.102,0.192,0.53125
140,5/4/2022,4,M5,1-4-M5,5.41,0.323,5,M,Azithromycin,1,10,S. flexneri,M90T,Sf,100x,2022-05-04 - 4 - 5.41,0.189,0.134,0.242,0.553719008
141,5/4/2022,4,M5,1-4-M5,6.49,0.359,5,M,Azithromycin,1,10,S. flexneri,M90T,Sf,100x,2022-05-04 - 4 - 6.49,0.187,0.172,0.282,0.609929078
142,5/4/2022,4,M5,1-4-M5,7.57,0.387,5,M,Azithromycin,1,10,S. flexneri,M90T,Sf,100x,2022-05-04 - 4 - 7.57,0.187,0.2,0.308,0.649350649
143,5/4/2022,4,M5,1-4-M5,8.65,0.401,5,M,Azithromycin,1,10,S. flexneri,M90T,Sf,100x,2022-05-04 - 4 - 8.65,0.186,0.215,0.325,0.661538462
144,5/4/2022,4,M5,1-4-M5,9.73,0.409,5,M,Azithromycin,1,10,S. flexneri,M90T,Sf,100x,2022-05-04 - 4 - 9.73,0.186,0.223,0.339,0.657817109
145,5/4/2022,4,M5,1-4-M5,10.82,0.416,5,M,Azithromycin,1,10,S. flexneri,M90T,Sf,100x,2022-05-04 - 4 - 10.82,0.186,0.23,0.344,0.668604651
146,5/4/2022,4,M5,1-4-M5,11.9,0.419,5,M,Azithromycin,1,10,S. flexneri,M90T,Sf,100x,2022-05-04 - 4 - 11.9,0.187,0.232,0.351,0.660968661
147,5/4/2022,4,M5,1-4-M5,12.98,0.418,5,M,Azithromycin,1,10,S. flexneri,M90T,Sf,100x,2022-05-04 - 4 - 12.98,0.187,0.231,0.353,0.654390935
148,5/4/2022,4,M5,1-4-M5,14.06,0.422,5,M,Azithromycin,1,10,S. flexneri,M90T,Sf,100x,2022-05-04 - 4 - 14.06,0.186,0.236,0.36,0.655555556
149,5/4/2022,4,M5,1-4-M5,15.14,0.43,5,M,Azithromycin,1,10,S. flexneri,M90T,Sf,100x,2022-05-04 - 4 - 15.14,0.187,0.243,0.364,0.667582418
150,5/4/2022,4,M7,1-4-M7,0,0.22,7,M,Azithromycin,1,3,S. flexneri,M90T,Sf,100x,2022-05-04 - 4 - 0.0,0.187,0.033,0.03,1.1
151,5/4/2022,4,M7,1-4-M7,1.08,0.232,7,M,Azithromycin,1,3,S. flexneri,M90T,Sf,100x,2022-05-04 - 4 - 1.08,0.193,0.039,0.03,1.3
152,5/4/2022,4,M7,1-4-M7,2.16,0.259,7,M,Azithromycin,1,3,S. flexneri,M90T,Sf,100x,2022-05-04 - 4 - 2.16,0.195,0.064,0.041,1.56097561
153,5/4/2022,4,M7,1-4-M7,3.24,0.321,7,M,Azithromycin,1,3,S. flexneri,M90T,Sf,100x,2022-05-04 - 4 - 3.24,0.192,0.129,0.121,1.066115702
154,5/4/2022,4,M7,1-4-M7,4.32,0.379,7,M,Azithromycin,1,3,S. flexneri,M90T,Sf,100x,2022-05-04 - 4 - 4.32,0.19,0.189,0.192,0.984375
155,5/4/2022,4,M7,1-4-M7,5.41,0.42,7,M,Azithromycin,1,3,S. flexneri,M90T,Sf,100x,2022-05-04 - 4 - 5.41,0.189,0.231,0.242,0.954545455
156,5/4/2022,4,M7,1-4-M7,6.49,0.446,7,M,Azithromycin,1,3,S. flexneri,M90T,Sf,100x,2022-05-04 - 4 - 6.49,0.187,0.259,0.282,0.918439716
157,5/4/2022,4,M7,1-4-M7,7.57,0.466,7,M,Azithromycin,1,3,S. flexneri,M90T,Sf,100x,2022-05-04 - 4 - 7.57,0.187,0.279,0.308,0.905844156
158,5/4/2022,4,M7,1-4-M7,8.65,0.475,7,M,Azithromycin,1,3,S. flexneri,M90T,Sf,100x,2022-05-04 - 4 - 8.65,0.186,0.289,0.325,0.889230769
159,5/4/2022,4,M7,1-4-M7,9.73,0.482,7,M,Azithromycin,1,3,S. flexneri,M90T,Sf,100x,2022-05-04 - 4 - 9.73,0.186,0.296,0.339,0.873156342
160,5/4/2022,4,M7,1-4-M7,10.82,0.484,7,M,Azithromycin,1,3,S. flexneri,M90T,Sf,100x,2022-05-04 - 4 - 10.82,0.186,0.298,0.344,0.86627907
161,5/4/2022,4,M7,1-4-M7,11.9,0.502,7,M,Azithromycin,1,3,S. flexneri,M90T,Sf,100x,2022-05-04 - 4 - 11.9,0.187,0.315,0.351,0.897435897
162,5/4/2022,4,M7,1-4-M7,12.98,0.504,7,M,Azithromycin,1,3,S. flexneri,M90T,Sf,100x,2022-05-04 - 4 - 12.98,0.187,0.317,0.353,0.898016997
163,5/4/2022,4,M7,1-4-M7,14.06,0.504,7,M,Azithromycin,1,3,S. flexneri,M90T,Sf,100x,2022-05-04 - 4 - 14.06,0.186,0.318,0.36,0.883333333
164,5/4/2022,4,M7,1-4-M7,15.14,0.506,7,M,Azithromycin,1,3,S. flexneri,M90T,Sf,100x,2022-05-04 - 4 - 15.14,0.187,0.319,0.364,0.876373626
165,5/4/2022,4,M9,1-4-M9,0,0.198,9,M,Azithromycin,1,1,S. flexneri,M90T,Sf,100x,2022-05-04 - 4 - 0.0,0.187,0.03,0.03,1
166,5/4/2022,4,M9,1-4-M9,1.08,0.217,9,M,Azithromycin,1,1,S. flexneri,M90T,Sf,100x,2022-05-04 - 4 - 1.08,0.193,0.03,0.03,1
167,5/4/2022,4,M9,1-4-M9,2.16,0.246,9,M,Azithromycin,1,1,S. flexneri,M90T,Sf,100x,2022-05-04 - 4 - 2.16,0.195,0.051,0.041,1.243902439
168,5/4/2022,4,M9,1-4-M9,3.24,0.312,9,M,Azithromycin,1,1,S. flexneri,M90T,Sf,100x,2022-05-04 - 4 - 3.24,0.192,0.12,0.121,0.991735537
169,5/4/2022,4,M9,1-4-M9,4.32,0.377,9,M,Azithromycin,1,1,S. flexneri,M90T,Sf,100x,2022-05-04 - 4 - 4.32,0.19,0.187,0.192,0.973958333
170,5/4/2022,4,M9,1-4-M9,5.41,0.423,9,M,Azithromycin,1,1,S. flexneri,M90T,Sf,100x,2022-05-04 - 4 - 5.41,0.189,0.234,0.242,0.966942149
171,5/4/2022,4,M9,1-4-M9,6.49,0.46,9,M,Azithromycin,1,1,S. flexneri,M90T,Sf,100x,2022-05-04 - 4 - 6.49,0.187,0.273,0.282,0.968085106
172,5/4/2022,4,M9,1-4-M9,7.57,0.482,9,M,Azithromycin,1,1,S. flexneri,M90T,Sf,100x,2022-05-04 - 4 - 7.57,0.187,0.295,0.308,0.957792208
173,5/4/2022,4,M9,1-4-M9,8.65,0.499,9,M,Azithromycin,1,1,S. flexneri,M90T,Sf,100x,2022-05-04 - 4 - 8.65,0.186,0.313,0.325,0.963076923
174,5/4/2022,4,M9,1-4-M9,9.73,0.505,9,M,Azithromycin,1,1,S. flexneri,M90T,Sf,100x,2022-05-04 - 4 - 9.73,0.186,0.319,0.339,0.94100295
175,5/4/2022,4,M9,1-4-M9,10.82,0.508,9,M,Azithromycin,1,1,S. flexneri,M90T,Sf,100x,2022-05-04 - 4 - 10.82,0.186,0.322,0.344,0.936046512
176,5/4/2022,4,M9,1-4-M9,11.9,0.515,9,M,Azithromycin,1,1,S. flexneri,M90T,Sf,100x,2022-05-04 - 4 - 11.9,0.187,0.328,0.351,0.934472934
177,5/4/2022,4,M9,1-4-M9,12.98,0.517,9,M,Azithromycin,1,1,S. flexneri,M90T,Sf,100x,2022-05-04 - 4 - 12.98,0.187,0.33,0.353,0.934844193
178,5/4/2022,4,M9,1-4-M9,14.06,0.522,9,M,Azithromycin,1,1,S. flexneri,M90T,Sf,100x,2022-05-04 - 4 - 14.06,0.186,0.336,0.36,0.933333333
179,5/4/2022,4,M9,1-4-M9,15.14,0.52,9,M,Azithromycin,1,1,S. flexneri,M90T,Sf,100x,2022-05-04 - 4 - 15.14,0.187,0.333,0.364,0.914835165
360,5/5/2022,2,M1,2-2-M1,0,0.202,1,M,Azithromycin,1,100,S. flexneri,M90T,Sf,100x,2022-05-05 - 2 - 0.0,0.173,0.03,0.03,1
361,5/5/2022,2,M1,2-2-M1,1.08,0.214,1,M,Azithromycin,1,100,S. flexneri,M90T,Sf,100x,2022-05-05 - 2 - 1.08,0.182,0.032,0.03,1.066666667
362,5/5/2022,2,M1,2-2-M1,2.16,0.209,1,M,Azithromycin,1,100,S. flexneri,M90T,Sf,100x,2022-05-05 - 2 - 2.16,0.179,0.03,0.03,1
363,5/5/2022,2,M1,2-2-M1,3.24,0.207,1,M,Azithromycin,1,100,S. flexneri,M90T,Sf,100x,2022-05-05 - 2 - 3.24,0.18,0.03,0.037,0.810810811
364,5/5/2022,2,M1,2-2-M1,4.32,0.208,1,M,Azithromycin,1,100,S. flexneri,M90T,Sf,100x,2022-05-05 - 2 - 4.32,0.179,0.03,0.091,0.32967033
365,5/5/2022,2,M1,2-2-M1,5.4,0.207,1,M,Azithromycin,1,100,S. flexneri,M90T,Sf,100x,2022-05-05 - 2 - 5.4,0.179,0.03,0.147,0.204081633
366,5/5/2022,2,M1,2-2-M1,6.48,0.206,1,M,Azithromycin,1,100,S. flexneri,M90T,Sf,100x,2022-05-05 - 2 - 6.48,0.179,0.03,0.191,0.157068063
367,5/5/2022,2,M1,2-2-M1,7.57,0.205,1,M,Azithromycin,1,100,S. flexneri,M90T,Sf,100x,2022-05-05 - 2 - 7.57,0.178,0.03,0.226,0.132743363
368,5/5/2022,2,M1,2-2-M1,8.65,0.203,1,M,Azithromycin,1,100,S. flexneri,M90T,Sf,100x,2022-05-05 - 2 - 8.65,0.179,0.03,0.256,0.1171875
369,5/5/2022,2,M1,2-2-M1,9.73,0.205,1,M,Azithromycin,1,100,S. flexneri,M90T,Sf,100x,2022-05-05 - 2 - 9.73,0.178,0.03,0.287,0.104529617
370,5/5/2022,2,M1,2-2-M1,10.81,0.203,1,M,Azithromycin,1,100,S. flexneri,M90T,Sf,100x,2022-05-05 - 2 - 10.81,0.178,0.03,0.297,0.101010101
371,5/5/2022,2,M1,2-2-M1,11.89,0.201,1,M,Azithromycin,1,100,S. flexneri,M90T,Sf,100x,2022-05-05 - 2 - 11.89,0.178,0.03,0.312,0.096153846
372,5/5/2022,2,M1,2-2-M1,12.97,0.201,1,M,Azithromycin,1,100,S. flexneri,M90T,Sf,100x,2022-05-05 - 2 - 12.97,0.179,0.03,0.32,0.09375
373,5/5/2022,2,M11,2-2-M11,0,0.202,11,M,Azithromycin,1,0.3,S. flexneri,M90T,Sf,100x,2022-05-05 - 2 - 0.0,0.173,0.03,0.03,1
374,5/5/2022,2,M11,2-2-M11,1.08,0.228,11,M,Azithromycin,1,0.3,S. flexneri,M90T,Sf,100x,2022-05-05 - 2 - 1.08,0.182,0.046,0.03,1.533333333
375,5/5/2022,2,M11,2-2-M11,2.16,0.211,11,M,Azithromycin,1,0.3,S. flexneri,M90T,Sf,100x,2022-05-05 - 2 - 2.16,0.179,0.032,0.03,1.066666667
376,5/5/2022,2,M11,2-2-M11,3.24,0.228,11,M,Azithromycin,1,0.3,S. flexneri,M90T,Sf,100x,2022-05-05 - 2 - 3.24,0.18,0.048,0.037,1.297297297
377,5/5/2022,2,M11,2-2-M11,4.32,0.276,11,M,Azithromycin,1,0.3,S. flexneri,M90T,Sf,100x,2022-05-05 - 2 - 4.32,0.179,0.097,0.091,1.065934066
378,5/5/2022,2,M11,2-2-M11,5.4,0.333,11,M,Azithromycin,1,0.3,S. flexneri,M90T,Sf,100x,2022-05-05 - 2 - 5.4,0.179,0.154,0.147,1.047619048
379,5/5/2022,2,M11,2-2-M11,6.48,0.381,11,M,Azithromycin,1,0.3,S. flexneri,M90T,Sf,100x,2022-05-05 - 2 - 6.48,0.179,0.202,0.191,1.057591623
380,5/5/2022,2,M11,2-2-M11,7.57,0.408,11,M,Azithromycin,1,0.3,S. flexneri,M90T,Sf,100x,2022-05-05 - 2 - 7.57,0.178,0.23,0.226,1.017699115
381,5/5/2022,2,M11,2-2-M11,8.65,0.438,11,M,Azithromycin,1,0.3,S. flexneri,M90T,Sf,100x,2022-05-05 - 2 - 8.65,0.179,0.259,0.256,1.01171875
382,5/5/2022,2,M11,2-2-M11,9.73,0.463,11,M,Azithromycin,1,0.3,S. flexneri,M90T,Sf,100x,2022-05-05 - 2 - 9.73,0.178,0.285,0.287,0.993031359
383,5/5/2022,2,M11,2-2-M11,10.81,0.469,11,M,Azithromycin,1,0.3,S. flexneri,M90T,Sf,100x,2022-05-05 - 2 - 10.81,0.178,0.291,0.297,0.97979798
384,5/5/2022,2,M11,2-2-M11,11.89,0.473,11,M,Azithromycin,1,0.3,S. flexneri,M90T,Sf,100x,2022-05-05 - 2 - 11.89,0.178,0.295,0.312,0.945512821
385,5/5/2022,2,M11,2-2-M11,12.97,0.479,11,M,Azithromycin,1,0.3,S. flexneri,M90T,Sf,100x,2022-05-05 - 2 - 12.97,0.179,0.3,0.32,0.9375
386,5/5/2022,2,M13,2-2-M13,0,0.226,13,M,Azithromycin,1,0.1,S. flexneri,M90T,Sf,100x,2022-05-05 - 2 - 0.0,0.173,0.053,0.03,1.766666667
387,5/5/2022,2,M13,2-2-M13,1.08,0.233,13,M,Azithromycin,1,0.1,S. flexneri,M90T,Sf,100x,2022-05-05 - 2 - 1.08,0.182,0.051,0.03,1.7
388,5/5/2022,2,M13,2-2-M13,2.16,0.233,13,M,Azithromycin,1,0.1,S. flexneri,M90T,Sf,100x,2022-05-05 - 2 - 2.16,0.179,0.054,0.03,1.8
389,5/5/2022,2,M13,2-2-M13,3.24,0.258,13,M,Azithromycin,1,0.1,S. flexneri,M90T,Sf,100x,2022-05-05 - 2 - 3.24,0.18,0.078,0.037,2.108108108
390,5/5/2022,2,M13,2-2-M13,4.32,0.318,13,M,Azithromycin,1,0.1,S. flexneri,M90T,Sf,100x,2022-05-05 - 2 - 4.32,0.179,0.139,0.091,1.527472527
391,5/5/2022,2,M13,2-2-M13,5.4,0.381,13,M,Azithromycin,1,0.1,S. flexneri,M90T,Sf,100x,2022-05-05 - 2 - 5.4,0.179,0.202,0.147,1.37414966
392,5/5/2022,2,M13,2-2-M13,6.48,0.426,13,M,Azithromycin,1,0.1,S. flexneri,M90T,Sf,100x,2022-05-05 - 2 - 6.48,0.179,0.247,0.191,1.293193717
393,5/5/2022,2,M13,2-2-M13,7.57,0.458,13,M,Azithromycin,1,0.1,S. flexneri,M90T,Sf,100x,2022-05-05 - 2 - 7.57,0.178,0.28,0.226,1.238938053
394,5/5/2022,2,M13,2-2-M13,8.65,0.489,13,M,Azithromycin,1,0.1,S. flexneri,M90T,Sf,100x,2022-05-05 - 2 - 8.65,0.179,0.31,0.256,1.2109375
395,5/5/2022,2,M13,2-2-M13,9.73,0.511,13,M,Azithromycin,1,0.1,S. flexneri,M90T,Sf,100x,2022-05-05 - 2 - 9.73,0.178,0.333,0.287,1.160278746
396,5/5/2022,2,M13,2-2-M13,10.81,0.523,13,M,Azithromycin,1,0.1,S. flexneri,M90T,Sf,100x,2022-05-05 - 2 - 10.81,0.178,0.345,0.297,1.161616162
397,5/5/2022,2,M13,2-2-M13,11.89,0.53,13,M,Azithromycin,1,0.1,S. flexneri,M90T,Sf,100x,2022-05-05 - 2 - 11.89,0.178,0.352,0.312,1.128205128
398,5/5/2022,2,M13,2-2-M13,12.97,0.536,13,M,Azithromycin,1,0.1,S. flexneri,M90T,Sf,100x,2022-05-05 - 2 - 12.97,0.179,0.357,0.32,1.115625
399,5/5/2022,2,M15,2-2-M15,0,0.202,15,M,Azithromycin,1,0.03,S. flexneri,M90T,Sf,100x,2022-05-05 - 2 - 0.0,0.173,0.03,0.03,1
400,5/5/2022,2,M15,2-2-M15,1.08,0.219,15,M,Azithromycin,1,0.03,S. flexneri,M90T,Sf,100x,2022-05-05 - 2 - 1.08,0.182,0.037,0.03,1.233333333
401,5/5/2022,2,M15,2-2-M15,2.16,0.216,15,M,Azithromycin,1,0.03,S. flexneri,M90T,Sf,100x,2022-05-05 - 2 - 2.16,0.179,0.037,0.03,1.233333333
402,5/5/2022,2,M15,2-2-M15,3.24,0.242,15,M,Azithromycin,1,0.03,S. flexneri,M90T,Sf,100x,2022-05-05 - 2 - 3.24,0.18,0.062,0.037,1.675675676
403,5/5/2022,2,M15,2-2-M15,4.32,0.294,15,M,Azithromycin,1,0.03,S. flexneri,M90T,Sf,100x,2022-05-05 - 2 - 4.32,0.179,0.115,0.091,1.263736264
404,5/5/2022,2,M15,2-2-M15,5.4,0.346,15,M,Azithromycin,1,0.03,S. flexneri,M90T,Sf,100x,2022-05-05 - 2 - 5.4,0.179,0.167,0.147,1.136054422
405,5/5/2022,2,M15,2-2-M15,6.48,0.387,15,M,Azithromycin,1,0.03,S. flexneri,M90T,Sf,100x,2022-05-05 - 2 - 6.48,0.179,0.208,0.191,1.089005236
406,5/5/2022,2,M15,2-2-M15,7.57,0.419,15,M,Azithromycin,1,0.03,S. flexneri,M90T,Sf,100x,2022-05-05 - 2 - 7.57,0.178,0.241,0.226,1.066371681
407,5/5/2022,2,M15,2-2-M15,8.65,0.447,15,M,Azithromycin,1,0.03,S. flexneri,M90T,Sf,100x,2022-05-05 - 2 - 8.65,0.179,0.268,0.256,1.046875
408,5/5/2022,2,M15,2-2-M15,9.73,0.471,15,M,Azithromycin,1,0.03,S. flexneri,M90T,Sf,100x,2022-05-05 - 2 - 9.73,0.178,0.293,0.287,1.020905923
409,5/5/2022,2,M15,2-2-M15,10.81,0.48,15,M,Azithromycin,1,0.03,S. flexneri,M90T,Sf,100x,2022-05-05 - 2 - 10.81,0.178,0.302,0.297,1.016835017
410,5/5/2022,2,M15,2-2-M15,11.89,0.488,15,M,Azithromycin,1,0.03,S. flexneri,M90T,Sf,100x,2022-05-05 - 2 - 11.89,0.178,0.31,0.312,0.993589744
411,5/5/2022,2,M15,2-2-M15,12.97,0.498,15,M,Azithromycin,1,0.03,S. flexneri,M90T,Sf,100x,2022-05-05 - 2 - 12.97,0.179,0.319,0.32,0.996875
412,5/5/2022,2,M17,2-2-M17,0,0.222,17,M,Azithromycin,1,0.01,S. flexneri,M90T,Sf,100x,2022-05-05 - 2 - 0.0,0.173,0.049,0.03,1.633333333
413,5/5/2022,2,M17,2-2-M17,1.08,0.233,17,M,Azithromycin,1,0.01,S. flexneri,M90T,Sf,100x,2022-05-05 - 2 - 1.08,0.182,0.051,0.03,1.7
414,5/5/2022,2,M17,2-2-M17,2.16,0.231,17,M,Azithromycin,1,0.01,S. flexneri,M90T,Sf,100x,2022-05-05 - 2 - 2.16,0.179,0.052,0.03,1.733333333
415,5/5/2022,2,M17,2-2-M17,3.24,0.259,17,M,Azithromycin,1,0.01,S. flexneri,M90T,Sf,100x,2022-05-05 - 2 - 3.24,0.18,0.079,0.037,2.135135135
416,5/5/2022,2,M17,2-2-M17,4.32,0.329,17,M,Azithromycin,1,0.01,S. flexneri,M90T,Sf,100x,2022-05-05 - 2 - 4.32,0.179,0.15,0.091,1.648351648
417,5/5/2022,2,M17,2-2-M17,5.4,0.407,17,M,Azithromycin,1,0.01,S. flexneri,M90T,Sf,100x,2022-05-05 - 2 - 5.4,0.179,0.228,0.147,1.551020408
418,5/5/2022,2,M17,2-2-M17,6.48,0.467,17,M,Azithromycin,1,0.01,S. flexneri,M90T,Sf,100x,2022-05-05 - 2 - 6.48,0.179,0.288,0.191,1.507853403
419,5/5/2022,2,M17,2-2-M17,7.57,0.514,17,M,Azithromycin,1,0.01,S. flexneri,M90T,Sf,100x,2022-05-05 - 2 - 7.57,0.178,0.336,0.226,1.486725664
420,5/5/2022,2,M17,2-2-M17,8.65,0.548,17,M,Azithromycin,1,0.01,S. flexneri,M90T,Sf,100x,2022-05-05 - 2 - 8.65,0.179,0.369,0.256,1.44140625
421,5/5/2022,2,M17,2-2-M17,9.73,0.569,17,M,Azithromycin,1,0.01,S. flexneri,M90T,Sf,100x,2022-05-05 - 2 - 9.73,0.178,0.391,0.287,1.362369338
422,5/5/2022,2,M17,2-2-M17,10.81,0.582,17,M,Azithromycin,1,0.01,S. flexneri,M90T,Sf,100x,2022-05-05 - 2 - 10.81,0.178,0.404,0.297,1.36026936
423,5/5/2022,2,M17,2-2-M17,11.89,0.587,17,M,Azithromycin,1,0.01,S. flexneri,M90T,Sf,100x,2022-05-05 - 2 - 11.89,0.178,0.409,0.312,1.310897436
424,5/5/2022,2,M17,2-2-M17,12.97,0.59,17,M,Azithromycin,1,0.01,S. flexneri,M90T,Sf,100x,2022-05-05 - 2 - 12.97,0.179,0.411,0.32,1.284375
425,5/5/2022,2,M19,2-2-M19,0,0.185,19,M,Azithromycin,1,0.003,S. flexneri,M90T,Sf,100x,2022-05-05 - 2 - 0.0,0.173,0.03,0.03,1
426,5/5/2022,2,M19,2-2-M19,1.08,0.201,19,M,Azithromycin,1,0.003,S. flexneri,M90T,Sf,100x,2022-05-05 - 2 - 1.08,0.182,0.03,0.03,1
427,5/5/2022,2,M19,2-2-M19,2.16,0.2,19,M,Azithromycin,1,0.003,S. flexneri,M90T,Sf,100x,2022-05-05 - 2 - 2.16,0.179,0.03,0.03,1
428,5/5/2022,2,M19,2-2-M19,3.24,0.228,19,M,Azithromycin,1,0.003,S. flexneri,M90T,Sf,100x,2022-05-05 - 2 - 3.24,0.18,0.048,0.037,1.297297297
429,5/5/2022,2,M19,2-2-M19,4.32,0.285,19,M,Azithromycin,1,0.003,S. flexneri,M90T,Sf,100x,2022-05-05 - 2 - 4.32,0.179,0.106,0.091,1.164835165
430,5/5/2022,2,M19,2-2-M19,5.4,0.336,19,M,Azithromycin,1,0.003,S. flexneri,M90T,Sf,100x,2022-05-05 - 2 - 5.4,0.179,0.157,0.147,1.068027211
431,5/5/2022,2,M19,2-2-M19,6.48,0.38,19,M,Azithromycin,1,0.003,S. flexneri,M90T,Sf,100x,2022-05-05 - 2 - 6.48,0.179,0.201,0.191,1.052356021
432,5/5/2022,2,M19,2-2-M19,7.57,0.41,19,M,Azithromycin,1,0.003,S. flexneri,M90T,Sf,100x,2022-05-05 - 2 - 7.57,0.178,0.232,0.226,1.026548673
433,5/5/2022,2,M19,2-2-M19,8.65,0.437,19,M,Azithromycin,1,0.003,S. flexneri,M90T,Sf,100x,2022-05-05 - 2 - 8.65,0.179,0.258,0.256,1.0078125
434,5/5/2022,2,M19,2-2-M19,9.73,0.458,19,M,Azithromycin,1,0.003,S. flexneri,M90T,Sf,100x,2022-05-05 - 2 - 9.73,0.178,0.28,0.287,0.975609756
435,5/5/2022,2,M19,2-2-M19,10.81,0.473,19,M,Azithromycin,1,0.003,S. flexneri,M90T,Sf,100x,2022-05-05 - 2 - 10.81,0.178,0.295,0.297,0.993265993
436,5/5/2022,2,M19,2-2-M19,11.89,0.483,19,M,Azithromycin,1,0.003,S. flexneri,M90T,Sf,100x,2022-05-05 - 2 - 11.89,0.178,0.305,0.312,0.977564103
437,5/5/2022,2,M19,2-2-M19,12.97,0.492,19,M,Azithromycin,1,0.003,S. flexneri,M90T,Sf,100x,2022-05-05 - 2 - 12.97,0.179,0.313,0.32,0.978125
438,5/5/2022,2,M21,2-2-M21,0,0.182,21,M,Azithromycin,1,0,S. flexneri,M90T,Sf,100x,2022-05-05 - 2 - 0.0,0.173,0.03,0.03,1
439,5/5/2022,2,M21,2-2-M21,1.08,0.197,21,M,Azithromycin,1,0,S. flexneri,M90T,Sf,100x,2022-05-05 - 2 - 1.08,0.182,0.03,0.03,1
440,5/5/2022,2,M21,2-2-M21,2.16,0.19,21,M,Azithromycin,1,0,S. flexneri,M90T,Sf,100x,2022-05-05 - 2 - 2.16,0.179,0.03,0.03,1
441,5/5/2022,2,M21,2-2-M21,3.24,0.217,21,M,Azithromycin,1,0,S. flexneri,M90T,Sf,100x,2022-05-05 - 2 - 3.24,0.18,0.037,0.037,1
442,5/5/2022,2,M21,2-2-M21,4.32,0.27,21,M,Azithromycin,1,0,S. flexneri,M90T,Sf,100x,2022-05-05 - 2 - 4.32,0.179,0.091,0.091,1
443,5/5/2022,2,M21,2-2-M21,5.4,0.326,21,M,Azithromycin,1,0,S. flexneri,M90T,Sf,100x,2022-05-05 - 2 - 5.4,0.179,0.147,0.147,1
444,5/5/2022,2,M21,2-2-M21,6.48,0.37,21,M,Azithromycin,1,0,S. flexneri,M90T,Sf,100x,2022-05-05 - 2 - 6.48,0.179,0.191,0.191,1
445,5/5/2022,2,M21,2-2-M21,7.57,0.404,21,M,Azithromycin,1,0,S. flexneri,M90T,Sf,100x,2022-05-05 - 2 - 7.57,0.178,0.226,0.226,1
446,5/5/2022,2,M21,2-2-M21,8.65,0.435,21,M,Azithromycin,1,0,S. flexneri,M90T,Sf,100x,2022-05-05 - 2 - 8.65,0.179,0.256,0.256,1
447,5/5/2022,2,M21,2-2-M21,9.73,0.465,21,M,Azithromycin,1,0,S. flexneri,M90T,Sf,100x,2022-05-05 - 2 - 9.73,0.178,0.287,0.287,1
448,5/5/2022,2,M21,2-2-M21,10.81,0.475,21,M,Azithromycin,1,0,S. flexneri,M90T,Sf,100x,2022-05-05 - 2 - 10.81,0.178,0.297,0.297,1
449,5/5/2022,2,M21,2-2-M21,11.89,0.49,21,M,Azithromycin,1,0,S. flexneri,M90T,Sf,100x,2022-05-05 - 2 - 11.89,0.178,0.312,0.312,1
450,5/5/2022,2,M21,2-2-M21,12.97,0.499,21,M,Azithromycin,1,0,S. flexneri,M90T,Sf,100x,2022-05-05 - 2 - 12.97,0.179,0.32,0.32,1
451,5/5/2022,2,M23,2-2-M23,0,0.173,23,M,Azithromycin,1,-1,S. flexneri,M90T,Sf,100x,2022-05-05 - 2 - 0.0,0.173,0.03,0.03,1
452,5/5/2022,2,M23,2-2-M23,1.08,0.182,23,M,Azithromycin,1,-1,S. flexneri,M90T,Sf,100x,2022-05-05 - 2 - 1.08,0.182,0.03,0.03,1
453,5/5/2022,2,M23,2-2-M23,2.16,0.179,23,M,Azithromycin,1,-1,S. flexneri,M90T,Sf,100x,2022-05-05 - 2 - 2.16,0.179,0.03,0.03,1
454,5/5/2022,2,M23,2-2-M23,3.24,0.18,23,M,Azithromycin,1,-1,S. flexneri,M90T,Sf,100x,2022-05-05 - 2 - 3.24,0.18,0.03,0.037,0.810810811
455,5/5/2022,2,M23,2-2-M23,4.32,0.179,23,M,Azithromycin,1,-1,S. flexneri,M90T,Sf,100x,2022-05-05 - 2 - 4.32,0.179,0.03,0.091,0.32967033
456,5/5/2022,2,M23,2-2-M23,5.4,0.179,23,M,Azithromycin,1,-1,S. flexneri,M90T,Sf,100x,2022-05-05 - 2 - 5.4,0.179,0.03,0.147,0.204081633
457,5/5/2022,2,M23,2-2-M23,6.48,0.179,23,M,Azithromycin,1,-1,S. flexneri,M90T,Sf,100x,2022-05-05 - 2 - 6.48,0.179,0.03,0.191,0.157068063
458,5/5/2022,2,M23,2-2-M23,7.57,0.178,23,M,Azithromycin,1,-1,S. flexneri,M90T,Sf,100x,2022-05-05 - 2 - 7.57,0.178,0.03,0.226,0.132743363
459,5/5/2022,2,M23,2-2-M23,8.65,0.179,23,M,Azithromycin,1,-1,S. flexneri,M90T,Sf,100x,2022-05-05 - 2 - 8.65,0.179,0.03,0.256,0.1171875
460,5/5/2022,2,M23,2-2-M23,9.73,0.178,23,M,Azithromycin,1,-1,S. flexneri,M90T,Sf,100x,2022-05-05 - 2 - 9.73,0.178,0.03,0.287,0.104529617
461,5/5/2022,2,M23,2-2-M23,10.81,0.178,23,M,Azithromycin,1,-1,S. flexneri,M90T,Sf,100x,2022-05-05 - 2 - 10.81,0.178,0.03,0.297,0.101010101
462,5/5/2022,2,M23,2-2-M23,11.89,0.178,23,M,Azithromycin,1,-1,S. flexneri,M90T,Sf,100x,2022-05-05 - 2 - 11.89,0.178,0.03,0.312,0.096153846
463,5/5/2022,2,M23,2-2-M23,12.97,0.179,23,M,Azithromycin,1,-1,S. flexneri,M90T,Sf,100x,2022-05-05 - 2 - 12.97,0.179,0.03,0.32,0.09375
464,5/5/2022,2,M3,2-2-M3,0,0.191,3,M,Azithromycin,1,30,S. flexneri,M90T,Sf,100x,2022-05-05 - 2 - 0.0,0.173,0.03,0.03,1
465,5/5/2022,2,M3,2-2-M3,1.08,0.202,3,M,Azithromycin,1,30,S. flexneri,M90T,Sf,100x,2022-05-05 - 2 - 1.08,0.182,0.03,0.03,1
466,5/5/2022,2,M3,2-2-M3,2.16,0.197,3,M,Azithromycin,1,30,S. flexneri,M90T,Sf,100x,2022-05-05 - 2 - 2.16,0.179,0.03,0.03,1
467,5/5/2022,2,M3,2-2-M3,3.24,0.196,3,M,Azithromycin,1,30,S. flexneri,M90T,Sf,100x,2022-05-05 - 2 - 3.24,0.18,0.03,0.037,0.810810811
468,5/5/2022,2,M3,2-2-M3,4.32,0.199,3,M,Azithromycin,1,30,S. flexneri,M90T,Sf,100x,2022-05-05 - 2 - 4.32,0.179,0.03,0.091,0.32967033
469,5/5/2022,2,M3,2-2-M3,5.4,0.199,3,M,Azithromycin,1,30,S. flexneri,M90T,Sf,100x,2022-05-05 - 2 - 5.4,0.179,0.03,0.147,0.204081633
470,5/5/2022,2,M3,2-2-M3,6.48,0.199,3,M,Azithromycin,1,30,S. flexneri,M90T,Sf,100x,2022-05-05 - 2 - 6.48,0.179,0.03,0.191,0.157068063
471,5/5/2022,2,M3,2-2-M3,7.57,0.198,3,M,Azithromycin,1,30,S. flexneri,M90T,Sf,100x,2022-05-05 - 2 - 7.57,0.178,0.03,0.226,0.132743363
472,5/5/2022,2,M3,2-2-M3,8.65,0.198,3,M,Azithromycin,1,30,S. flexneri,M90T,Sf,100x,2022-05-05 - 2 - 8.65,0.179,0.03,0.256,0.1171875
473,5/5/2022,2,M3,2-2-M3,9.73,0.201,3,M,Azithromycin,1,30,S. flexneri,M90T,Sf,100x,2022-05-05 - 2 - 9.73,0.178,0.03,0.287,0.104529617
474,5/5/2022,2,M3,2-2-M3,10.81,0.194,3,M,Azithromycin,1,30,S. flexneri,M90T,Sf,100x,2022-05-05 - 2 - 10.81,0.178,0.03,0.297,0.101010101
475,5/5/2022,2,M3,2-2-M3,11.89,0.194,3,M,Azithromycin,1,30,S. flexneri,M90T,Sf,100x,2022-05-05 - 2 - 11.89,0.178,0.03,0.312,0.096153846
476,5/5/2022,2,M3,2-2-M3,12.97,0.194,3,M,Azithromycin,1,30,S. flexneri,M90T,Sf,100x,2022-05-05 - 2 - 12.97,0.179,0.03,0.32,0.09375
477,5/5/2022,2,M5,2-2-M5,0,0.204,5,M,Azithromycin,1,10,S. flexneri,M90T,Sf,100x,2022-05-05 - 2 - 0.0,0.173,0.031,0.03,1.033333333
478,5/5/2022,2,M5,2-2-M5,1.08,0.222,5,M,Azithromycin,1,10,S. flexneri,M90T,Sf,100x,2022-05-05 - 2 - 1.08,0.182,0.04,0.03,1.333333333
479,5/5/2022,2,M5,2-2-M5,2.16,0.214,5,M,Azithromycin,1,10,S. flexneri,M90T,Sf,100x,2022-05-05 - 2 - 2.16,0.179,0.035,0.03,1.166666667
480,5/5/2022,2,M5,2-2-M5,3.24,0.215,5,M,Azithromycin,1,10,S. flexneri,M90T,Sf,100x,2022-05-05 - 2 - 3.24,0.18,0.035,0.037,0.945945946
481,5/5/2022,2,M5,2-2-M5,4.32,0.215,5,M,Azithromycin,1,10,S. flexneri,M90T,Sf,100x,2022-05-05 - 2 - 4.32,0.179,0.036,0.091,0.395604396
482,5/5/2022,2,M5,2-2-M5,5.4,0.214,5,M,Azithromycin,1,10,S. flexneri,M90T,Sf,100x,2022-05-05 - 2 - 5.4,0.179,0.035,0.147,0.238095238
483,5/5/2022,2,M5,2-2-M5,6.48,0.216,5,M,Azithromycin,1,10,S. flexneri,M90T,Sf,100x,2022-05-05 - 2 - 6.48,0.179,0.037,0.191,0.193717277
484,5/5/2022,2,M5,2-2-M5,7.57,0.216,5,M,Azithromycin,1,10,S. flexneri,M90T,Sf,100x,2022-05-05 - 2 - 7.57,0.178,0.038,0.226,0.168141593
485,5/5/2022,2,M5,2-2-M5,8.65,0.217,5,M,Azithromycin,1,10,S. flexneri,M90T,Sf,100x,2022-05-05 - 2 - 8.65,0.179,0.038,0.256,0.1484375
486,5/5/2022,2,M5,2-2-M5,9.73,0.226,5,M,Azithromycin,1,10,S. flexneri,M90T,Sf,100x,2022-05-05 - 2 - 9.73,0.178,0.048,0.287,0.167247387
487,5/5/2022,2,M5,2-2-M5,10.81,0.231,5,M,Azithromycin,1,10,S. flexneri,M90T,Sf,100x,2022-05-05 - 2 - 10.81,0.178,0.053,0.297,0.178451178
488,5/5/2022,2,M5,2-2-M5,11.89,0.25,5,M,Azithromycin,1,10,S. flexneri,M90T,Sf,100x,2022-05-05 - 2 - 11.89,0.178,0.072,0.312,0.230769231
489,5/5/2022,2,M5,2-2-M5,12.97,0.275,5,M,Azithromycin,1,10,S. flexneri,M90T,Sf,100x,2022-05-05 - 2 - 12.97,0.179,0.096,0.32,0.3
490,5/5/2022,2,M7,2-2-M7,0,0.211,7,M,Azithromycin,1,3,S. flexneri,M90T,Sf,100x,2022-05-05 - 2 - 0.0,0.173,0.038,0.03,1.266666667
491,5/5/2022,2,M7,2-2-M7,1.08,0.225,7,M,Azithromycin,1,3,S. flexneri,M90T,Sf,100x,2022-05-05 - 2 - 1.08,0.182,0.043,0.03,1.433333333
492,5/5/2022,2,M7,2-2-M7,2.16,0.22,7,M,Azithromycin,1,3,S. flexneri,M90T,Sf,100x,2022-05-05 - 2 - 2.16,0.179,0.041,0.03,1.366666667
493,5/5/2022,2,M7,2-2-M7,3.24,0.224,7,M,Azithromycin,1,3,S. flexneri,M90T,Sf,100x,2022-05-05 - 2 - 3.24,0.18,0.044,0.037,1.189189189
494,5/5/2022,2,M7,2-2-M7,4.32,0.239,7,M,Azithromycin,1,3,S. flexneri,M90T,Sf,100x,2022-05-05 - 2 - 4.32,0.179,0.06,0.091,0.659340659
495,5/5/2022,2,M7,2-2-M7,5.4,0.262,7,M,Azithromycin,1,3,S. flexneri,M90T,Sf,100x,2022-05-05 - 2 - 5.4,0.179,0.083,0.147,0.56462585
496,5/5/2022,2,M7,2-2-M7,6.48,0.286,7,M,Azithromycin,1,3,S. flexneri,M90T,Sf,100x,2022-05-05 - 2 - 6.48,0.179,0.107,0.191,0.560209424
497,5/5/2022,2,M7,2-2-M7,7.57,0.312,7,M,Azithromycin,1,3,S. flexneri,M90T,Sf,100x,2022-05-05 - 2 - 7.57,0.178,0.134,0.226,0.592920354
498,5/5/2022,2,M7,2-2-M7,8.65,0.336,7,M,Azithromycin,1,3,S. flexneri,M90T,Sf,100x,2022-05-05 - 2 - 8.65,0.179,0.157,0.256,0.61328125
499,5/5/2022,2,M7,2-2-M7,9.73,0.35,7,M,Azithromycin,1,3,S. flexneri,M90T,Sf,100x,2022-05-05 - 2 - 9.73,0.178,0.172,0.287,0.599303136
500,5/5/2022,2,M7,2-2-M7,10.81,0.368,7,M,Azithromycin,1,3,S. flexneri,M90T,Sf,100x,2022-05-05 - 2 - 10.81,0.178,0.19,0.297,0.63973064
501,5/5/2022,2,M7,2-2-M7,11.89,0.382,7,M,Azithromycin,1,3,S. flexneri,M90T,Sf,100x,2022-05-05 - 2 - 11.89,0.178,0.204,0.312,0.653846154
502,5/5/2022,2,M7,2-2-M7,12.97,0.39,7,M,Azithromycin,1,3,S. flexneri,M90T,Sf,100x,2022-05-05 - 2 - 12.97,0.179,0.211,0.32,0.659375
503,5/5/2022,2,M9,2-2-M9,0,0.202,9,M,Azithromycin,1,1,S. flexneri,M90T,Sf,100x,2022-05-05 - 2 - 0.0,0.173,0.03,0.03,1
504,5/5/2022,2,M9,2-2-M9,1.08,0.219,9,M,Azithromycin,1,1,S. flexneri,M90T,Sf,100x,2022-05-05 - 2 - 1.08,0.182,0.037,0.03,1.233333333
505,5/5/2022,2,M9,2-2-M9,2.16,0.216,9,M,Azithromycin,1,1,S. flexneri,M90T,Sf,100x,2022-05-05 - 2 - 2.16,0.179,0.037,0.03,1.233333333
506,5/5/2022,2,M9,2-2-M9,3.24,0.228,9,M,Azithromycin,1,1,S. flexneri,M90T,Sf,100x,2022-05-05 - 2 - 3.24,0.18,0.048,0.037,1.297297297
507,5/5/2022,2,M9,2-2-M9,4.32,0.271,9,M,Azithromycin,1,1,S. flexneri,M90T,Sf,100x,2022-05-05 - 2 - 4.32,0.179,0.092,0.091,1.010989011
508,5/5/2022,2,M9,2-2-M9,5.4,0.328,9,M,Azithromycin,1,1,S. flexneri,M90T,Sf,100x,2022-05-05 - 2 - 5.4,0.179,0.149,0.147,1.013605442
509,5/5/2022,2,M9,2-2-M9,6.48,0.377,9,M,Azithromycin,1,1,S. flexneri,M90T,Sf,100x,2022-05-05 - 2 - 6.48,0.179,0.198,0.191,1.036649215
510,5/5/2022,2,M9,2-2-M9,7.57,0.409,9,M,Azithromycin,1,1,S. flexneri,M90T,Sf,100x,2022-05-05 - 2 - 7.57,0.178,0.231,0.226,1.022123894
511,5/5/2022,2,M9,2-2-M9,8.65,0.439,9,M,Azithromycin,1,1,S. flexneri,M90T,Sf,100x,2022-05-05 - 2 - 8.65,0.179,0.26,0.256,1.015625
512,5/5/2022,2,M9,2-2-M9,9.73,0.461,9,M,Azithromycin,1,1,S. flexneri,M90T,Sf,100x,2022-05-05 - 2 - 9.73,0.178,0.283,0.287,0.986062718
513,5/5/2022,2,M9,2-2-M9,10.81,0.463,9,M,Azithromycin,1,1,S. flexneri,M90T,Sf,100x,2022-05-05 - 2 - 10.81,0.178,0.285,0.297,0.95959596
514,5/5/2022,2,M9,2-2-M9,11.89,0.467,9,M,Azithromycin,1,1,S. flexneri,M90T,Sf,100x,2022-05-05 - 2 - 11.89,0.178,0.289,0.312,0.926282051
515,5/5/2022,2,M9,2-2-M9,12.97,0.478,9,M,Azithromycin,1,1,S. flexneri,M90T,Sf,100x,2022-05-05 - 2 - 12.97,0.179,0.299,0.32,0.934375
852,5/13/2022,1,M1,3-1-M1,0,0.207,1,M,Azithromycin,1,100,S. flexneri,M90T,Sf,100x,2022-05-13 - 1 - 0.0,0.171,0.036,0.03,1.2
853,5/13/2022,1,M1,3-1-M1,1.08,0.265,1,M,Azithromycin,1,100,S. flexneri,M90T,Sf,100x,2022-05-13 - 1 - 1.08,0.19,0.075,0.03,2.5
854,5/13/2022,1,M1,3-1-M1,2.16,0.216,1,M,Azithromycin,1,100,S. flexneri,M90T,Sf,100x,2022-05-13 - 1 - 2.16,0.183,0.033,0.03,1.1
855,5/13/2022,1,M1,3-1-M1,3.24,0.218,1,M,Azithromycin,1,100,S. flexneri,M90T,Sf,100x,2022-05-13 - 1 - 3.24,0.185,0.033,0.03,1.1
856,5/13/2022,1,M1,3-1-M1,4.32,0.213,1,M,Azithromycin,1,100,S. flexneri,M90T,Sf,100x,2022-05-13 - 1 - 4.32,0.184,0.03,0.058,0.517241379
857,5/13/2022,1,M1,3-1-M1,5.4,0.215,1,M,Azithromycin,1,100,S. flexneri,M90T,Sf,100x,2022-05-13 - 1 - 5.4,0.186,0.03,0.131,0.229007634
858,5/13/2022,1,M1,3-1-M1,6.48,0.212,1,M,Azithromycin,1,100,S. flexneri,M90T,Sf,100x,2022-05-13 - 1 - 6.48,0.184,0.03,0.193,0.155440415
859,5/13/2022,1,M1,3-1-M1,7.56,0.208,1,M,Azithromycin,1,100,S. flexneri,M90T,Sf,100x,2022-05-13 - 1 - 7.56,0.184,0.03,0.23,0.130434783
860,5/13/2022,1,M1,3-1-M1,8.64,0.212,1,M,Azithromycin,1,100,S. flexneri,M90T,Sf,100x,2022-05-13 - 1 - 8.64,0.183,0.03,0.256,0.1171875
861,5/13/2022,1,M1,3-1-M1,9.73,0.213,1,M,Azithromycin,1,100,S. flexneri,M90T,Sf,100x,2022-05-13 - 1 - 9.73,0.182,0.031,0.282,0.109929078
862,5/13/2022,1,M1,3-1-M1,10.81,0.209,1,M,Azithromycin,1,100,S. flexneri,M90T,Sf,100x,2022-05-13 - 1 - 10.81,0.181,0.03,0.301,0.099667774
863,5/13/2022,1,M1,3-1-M1,11.89,0.211,1,M,Azithromycin,1,100,S. flexneri,M90T,Sf,100x,2022-05-13 - 1 - 11.89,0.181,0.03,0.309,0.097087379
864,5/13/2022,1,M1,3-1-M1,12.97,0.212,1,M,Azithromycin,1,100,S. flexneri,M90T,Sf,100x,2022-05-13 - 1 - 12.97,0.182,0.03,0.316,0.094936709
865,5/13/2022,1,M11,3-1-M11,0,0.178,11,M,Azithromycin,1,0.3,S. flexneri,M90T,Sf,100x,2022-05-13 - 1 - 0.0,0.171,0.03,0.03,1
866,5/13/2022,1,M11,3-1-M11,1.08,0.226,11,M,Azithromycin,1,0.3,S. flexneri,M90T,Sf,100x,2022-05-13 - 1 - 1.08,0.19,0.036,0.03,1.2
867,5/13/2022,1,M11,3-1-M11,2.16,0.216,11,M,Azithromycin,1,0.3,S. flexneri,M90T,Sf,100x,2022-05-13 - 1 - 2.16,0.183,0.033,0.03,1.1
868,5/13/2022,1,M11,3-1-M11,3.24,0.22,11,M,Azithromycin,1,0.3,S. flexneri,M90T,Sf,100x,2022-05-13 - 1 - 3.24,0.185,0.035,0.03,1.166666667
869,5/13/2022,1,M11,3-1-M11,4.32,0.245,11,M,Azithromycin,1,0.3,S. flexneri,M90T,Sf,100x,2022-05-13 - 1 - 4.32,0.184,0.061,0.058,1.051724138
870,5/13/2022,1,M11,3-1-M11,5.4,0.308,11,M,Azithromycin,1,0.3,S. flexneri,M90T,Sf,100x,2022-05-13 - 1 - 5.4,0.186,0.122,0.131,0.93129771
871,5/13/2022,1,M11,3-1-M11,6.48,0.37,11,M,Azithromycin,1,0.3,S. flexneri,M90T,Sf,100x,2022-05-13 - 1 - 6.48,0.184,0.186,0.193,0.96373057
872,5/13/2022,1,M11,3-1-M11,7.56,0.409,11,M,Azithromycin,1,0.3,S. flexneri,M90T,Sf,100x,2022-05-13 - 1 - 7.56,0.184,0.225,0.23,0.97826087
873,5/13/2022,1,M11,3-1-M11,8.64,0.439,11,M,Azithromycin,1,0.3,S. flexneri,M90T,Sf,100x,2022-05-13 - 1 - 8.64,0.183,0.256,0.256,1
874,5/13/2022,1,M11,3-1-M11,9.73,0.456,11,M,Azithromycin,1,0.3,S. flexneri,M90T,Sf,100x,2022-05-13 - 1 - 9.73,0.182,0.274,0.282,0.971631206
875,5/13/2022,1,M11,3-1-M11,10.81,0.473,11,M,Azithromycin,1,0.3,S. flexneri,M90T,Sf,100x,2022-05-13 - 1 - 10.81,0.181,0.292,0.301,0.970099668
876,5/13/2022,1,M11,3-1-M11,11.89,0.483,11,M,Azithromycin,1,0.3,S. flexneri,M90T,Sf,100x,2022-05-13 - 1 - 11.89,0.181,0.302,0.309,0.977346278
877,5/13/2022,1,M11,3-1-M11,12.97,0.488,11,M,Azithromycin,1,0.3,S. flexneri,M90T,Sf,100x,2022-05-13 - 1 - 12.97,0.182,0.306,0.316,0.96835443
878,5/13/2022,1,M13,3-1-M13,0,0.169,13,M,Azithromycin,1,0.1,S. flexneri,M90T,Sf,100x,2022-05-13 - 1 - 0.0,0.171,0.03,0.03,1
879,5/13/2022,1,M13,3-1-M13,1.08,0.222,13,M,Azithromycin,1,0.1,S. flexneri,M90T,Sf,100x,2022-05-13 - 1 - 1.08,0.19,0.032,0.03,1.066666667
880,5/13/2022,1,M13,3-1-M13,2.16,0.196,13,M,Azithromycin,1,0.1,S. flexneri,M90T,Sf,100x,2022-05-13 - 1 - 2.16,0.183,0.03,0.03,1
881,5/13/2022,1,M13,3-1-M13,3.24,0.213,13,M,Azithromycin,1,0.1,S. flexneri,M90T,Sf,100x,2022-05-13 - 1 - 3.24,0.185,0.03,0.03,1
882,5/13/2022,1,M13,3-1-M13,4.32,0.249,13,M,Azithromycin,1,0.1,S. flexneri,M90T,Sf,100x,2022-05-13 - 1 - 4.32,0.184,0.065,0.058,1.120689655
883,5/13/2022,1,M13,3-1-M13,5.4,0.337,13,M,Azithromycin,1,0.1,S. flexneri,M90T,Sf,100x,2022-05-13 - 1 - 5.4,0.186,0.151,0.131,1.152671756
884,5/13/2022,1,M13,3-1-M13,6.48,0.406,13,M,Azithromycin,1,0.1,S. flexneri,M90T,Sf,100x,2022-05-13 - 1 - 6.48,0.184,0.222,0.193,1.150259067
885,5/13/2022,1,M13,3-1-M13,7.56,0.446,13,M,Azithromycin,1,0.1,S. flexneri,M90T,Sf,100x,2022-05-13 - 1 - 7.56,0.184,0.262,0.23,1.139130435
886,5/13/2022,1,M13,3-1-M13,8.64,0.477,13,M,Azithromycin,1,0.1,S. flexneri,M90T,Sf,100x,2022-05-13 - 1 - 8.64,0.183,0.294,0.256,1.1484375
887,5/13/2022,1,M13,3-1-M13,9.73,0.5,13,M,Azithromycin,1,0.1,S. flexneri,M90T,Sf,100x,2022-05-13 - 1 - 9.73,0.182,0.318,0.282,1.127659574
888,5/13/2022,1,M13,3-1-M13,10.81,0.52,13,M,Azithromycin,1,0.1,S. flexneri,M90T,Sf,100x,2022-05-13 - 1 - 10.81,0.181,0.339,0.301,1.126245847
889,5/13/2022,1,M13,3-1-M13,11.89,0.531,13,M,Azithromycin,1,0.1,S. flexneri,M90T,Sf,100x,2022-05-13 - 1 - 11.89,0.181,0.35,0.309,1.132686084
890,5/13/2022,1,M13,3-1-M13,12.97,0.541,13,M,Azithromycin,1,0.1,S. flexneri,M90T,Sf,100x,2022-05-13 - 1 - 12.97,0.182,0.359,0.316,1.136075949
891,5/13/2022,1,M15,3-1-M15,0,0.171,15,M,Azithromycin,1,0.03,S. flexneri,M90T,Sf,100x,2022-05-13 - 1 - 0.0,0.171,0.03,0.03,1
892,5/13/2022,1,M15,3-1-M15,1.08,0.229,15,M,Azithromycin,1,0.03,S. flexneri,M90T,Sf,100x,2022-05-13 - 1 - 1.08,0.19,0.039,0.03,1.3
893,5/13/2022,1,M15,3-1-M15,2.16,0.189,15,M,Azithromycin,1,0.03,S. flexneri,M90T,Sf,100x,2022-05-13 - 1 - 2.16,0.183,0.03,0.03,1
894,5/13/2022,1,M15,3-1-M15,3.24,0.206,15,M,Azithromycin,1,0.03,S. flexneri,M90T,Sf,100x,2022-05-13 - 1 - 3.24,0.185,0.03,0.03,1
895,5/13/2022,1,M15,3-1-M15,4.32,0.229,15,M,Azithromycin,1,0.03,S. flexneri,M90T,Sf,100x,2022-05-13 - 1 - 4.32,0.184,0.045,0.058,0.775862069
896,5/13/2022,1,M15,3-1-M15,5.4,0.289,15,M,Azithromycin,1,0.03,S. flexneri,M90T,Sf,100x,2022-05-13 - 1 - 5.4,0.186,0.103,0.131,0.786259542
897,5/13/2022,1,M15,3-1-M15,6.48,0.347,15,M,Azithromycin,1,0.03,S. flexneri,M90T,Sf,100x,2022-05-13 - 1 - 6.48,0.184,0.163,0.193,0.844559585
898,5/13/2022,1,M15,3-1-M15,7.56,0.385,15,M,Azithromycin,1,0.03,S. flexneri,M90T,Sf,100x,2022-05-13 - 1 - 7.56,0.184,0.201,0.23,0.873913043
899,5/13/2022,1,M15,3-1-M15,8.64,0.412,15,M,Azithromycin,1,0.03,S. flexneri,M90T,Sf,100x,2022-05-13 - 1 - 8.64,0.183,0.229,0.256,0.89453125
900,5/13/2022,1,M15,3-1-M15,9.73,0.435,15,M,Azithromycin,1,0.03,S. flexneri,M90T,Sf,100x,2022-05-13 - 1 - 9.73,0.182,0.253,0.282,0.897163121
901,5/13/2022,1,M15,3-1-M15,10.81,0.453,15,M,Azithromycin,1,0.03,S. flexneri,M90T,Sf,100x,2022-05-13 - 1 - 10.81,0.181,0.272,0.301,0.903654485
902,5/13/2022,1,M15,3-1-M15,11.89,0.46,15,M,Azithromycin,1,0.03,S. flexneri,M90T,Sf,100x,2022-05-13 - 1 - 11.89,0.181,0.279,0.309,0.902912621
903,5/13/2022,1,M15,3-1-M15,12.97,0.473,15,M,Azithromycin,1,0.03,S. flexneri,M90T,Sf,100x,2022-05-13 - 1 - 12.97,0.182,0.291,0.316,0.920886076
904,5/13/2022,1,M17,3-1-M17,0,0.176,17,M,Azithromycin,1,0.01,S. flexneri,M90T,Sf,100x,2022-05-13 - 1 - 0.0,0.171,0.03,0.03,1
905,5/13/2022,1,M17,3-1-M17,1.08,0.21,17,M,Azithromycin,1,0.01,S. flexneri,M90T,Sf,100x,2022-05-13 - 1 - 1.08,0.19,0.03,0.03,1
906,5/13/2022,1,M17,3-1-M17,2.16,0.2,17,M,Azithromycin,1,0.01,S. flexneri,M90T,Sf,100x,2022-05-13 - 1 - 2.16,0.183,0.03,0.03,1
907,5/13/2022,1,M17,3-1-M17,3.24,0.211,17,M,Azithromycin,1,0.01,S. flexneri,M90T,Sf,100x,2022-05-13 - 1 - 3.24,0.185,0.03,0.03,1
908,5/13/2022,1,M17,3-1-M17,4.32,0.254,17,M,Azithromycin,1,0.01,S. flexneri,M90T,Sf,100x,2022-05-13 - 1 - 4.32,0.184,0.07,0.058,1.206896552
909,5/13/2022,1,M17,3-1-M17,5.4,0.341,17,M,Azithromycin,1,0.01,S. flexneri,M90T,Sf,100x,2022-05-13 - 1 - 5.4,0.186,0.155,0.131,1.183206107
910,5/13/2022,1,M17,3-1-M17,6.48,0.421,17,M,Azithromycin,1,0.01,S. flexneri,M90T,Sf,100x,2022-05-13 - 1 - 6.48,0.184,0.237,0.193,1.227979275
911,5/13/2022,1,M17,3-1-M17,7.56,0.463,17,M,Azithromycin,1,0.01,S. flexneri,M90T,Sf,100x,2022-05-13 - 1 - 7.56,0.184,0.279,0.23,1.213043478
912,5/13/2022,1,M17,3-1-M17,8.64,0.501,17,M,Azithromycin,1,0.01,S. flexneri,M90T,Sf,100x,2022-05-13 - 1 - 8.64,0.183,0.318,0.256,1.2421875
913,5/13/2022,1,M17,3-1-M17,9.73,0.523,17,M,Azithromycin,1,0.01,S. flexneri,M90T,Sf,100x,2022-05-13 - 1 - 9.73,0.182,0.341,0.282,1.209219858
914,5/13/2022,1,M17,3-1-M17,10.81,0.541,17,M,Azithromycin,1,0.01,S. flexneri,M90T,Sf,100x,2022-05-13 - 1 - 10.81,0.181,0.36,0.301,1.196013289
915,5/13/2022,1,M17,3-1-M17,11.89,0.548,17,M,Azithromycin,1,0.01,S. flexneri,M90T,Sf,100x,2022-05-13 - 1 - 11.89,0.181,0.367,0.309,1.187702265
916,5/13/2022,1,M17,3-1-M17,12.97,0.554,17,M,Azithromycin,1,0.01,S. flexneri,M90T,Sf,100x,2022-05-13 - 1 - 12.97,0.182,0.372,0.316,1.17721519
917,5/13/2022,1,M19,3-1-M19,0,0.162,19,M,Azithromycin,1,0.003,S. flexneri,M90T,Sf,100x,2022-05-13 - 1 - 0.0,0.171,0.03,0.03,1
918,5/13/2022,1,M19,3-1-M19,1.08,0.183,19,M,Azithromycin,1,0.003,S. flexneri,M90T,Sf,100x,2022-05-13 - 1 - 1.08,0.19,0.03,0.03,1
919,5/13/2022,1,M19,3-1-M19,2.16,0.183,19,M,Azithromycin,1,0.003,S. flexneri,M90T,Sf,100x,2022-05-13 - 1 - 2.16,0.183,0.03,0.03,1
920,5/13/2022,1,M19,3-1-M19,3.24,0.195,19,M,Azithromycin,1,0.003,S. flexneri,M90T,Sf,100x,2022-05-13 - 1 - 3.24,0.185,0.03,0.03,1
921,5/13/2022,1,M19,3-1-M19,4.32,0.24,19,M,Azithromycin,1,0.003,S. flexneri,M90T,Sf,100x,2022-05-13 - 1 - 4.32,0.184,0.056,0.058,0.965517241
922,5/13/2022,1,M19,3-1-M19,5.4,0.322,19,M,Azithromycin,1,0.003,S. flexneri,M90T,Sf,100x,2022-05-13 - 1 - 5.4,0.186,0.136,0.131,1.038167939
923,5/13/2022,1,M19,3-1-M19,6.48,0.39,19,M,Azithromycin,1,0.003,S. flexneri,M90T,Sf,100x,2022-05-13 - 1 - 6.48,0.184,0.206,0.193,1.067357513
924,5/13/2022,1,M19,3-1-M19,7.56,0.43,19,M,Azithromycin,1,0.003,S. flexneri,M90T,Sf,100x,2022-05-13 - 1 - 7.56,0.184,0.246,0.23,1.069565217
925,5/13/2022,1,M19,3-1-M19,8.64,0.455,19,M,Azithromycin,1,0.003,S. flexneri,M90T,Sf,100x,2022-05-13 - 1 - 8.64,0.183,0.272,0.256,1.0625
926,5/13/2022,1,M19,3-1-M19,9.73,0.478,19,M,Azithromycin,1,0.003,S. flexneri,M90T,Sf,100x,2022-05-13 - 1 - 9.73,0.182,0.296,0.282,1.04964539
927,5/13/2022,1,M19,3-1-M19,10.81,0.494,19,M,Azithromycin,1,0.003,S. flexneri,M90T,Sf,100x,2022-05-13 - 1 - 10.81,0.181,0.313,0.301,1.03986711
928,5/13/2022,1,M19,3-1-M19,11.89,0.505,19,M,Azithromycin,1,0.003,S. flexneri,M90T,Sf,100x,2022-05-13 - 1 - 11.89,0.181,0.324,0.309,1.048543689
929,5/13/2022,1,M19,3-1-M19,12.97,0.511,19,M,Azithromycin,1,0.003,S. flexneri,M90T,Sf,100x,2022-05-13 - 1 - 12.97,0.182,0.329,0.316,1.041139241
930,5/13/2022,1,M21,3-1-M21,0,0.168,21,M,Azithromycin,1,0,S. flexneri,M90T,Sf,100x,2022-05-13 - 1 - 0.0,0.171,0.03,0.03,1
931,5/13/2022,1,M21,3-1-M21,1.08,0.206,21,M,Azithromycin,1,0,S. flexneri,M90T,Sf,100x,2022-05-13 - 1 - 1.08,0.19,0.03,0.03,1
932,5/13/2022,1,M21,3-1-M21,2.16,0.18,21,M,Azithromycin,1,0,S. flexneri,M90T,Sf,100x,2022-05-13 - 1 - 2.16,0.183,0.03,0.03,1
933,5/13/2022,1,M21,3-1-M21,3.24,0.194,21,M,Azithromycin,1,0,S. flexneri,M90T,Sf,100x,2022-05-13 - 1 - 3.24,0.185,0.03,0.03,1
934,5/13/2022,1,M21,3-1-M21,4.32,0.242,21,M,Azithromycin,1,0,S. flexneri,M90T,Sf,100x,2022-05-13 - 1 - 4.32,0.184,0.058,0.058,1
935,5/13/2022,1,M21,3-1-M21,5.4,0.317,21,M,Azithromycin,1,0,S. flexneri,M90T,Sf,100x,2022-05-13 - 1 - 5.4,0.186,0.131,0.131,1
936,5/13/2022,1,M21,3-1-M21,6.48,0.377,21,M,Azithromycin,1,0,S. flexneri,M90T,Sf,100x,2022-05-13 - 1 - 6.48,0.184,0.193,0.193,1
937,5/13/2022,1,M21,3-1-M21,7.56,0.414,21,M,Azithromycin,1,0,S. flexneri,M90T,Sf,100x,2022-05-13 - 1 - 7.56,0.184,0.23,0.23,1
938,5/13/2022,1,M21,3-1-M21,8.64,0.439,21,M,Azithromycin,1,0,S. flexneri,M90T,Sf,100x,2022-05-13 - 1 - 8.64,0.183,0.256,0.256,1
939,5/13/2022,1,M21,3-1-M21,9.73,0.464,21,M,Azithromycin,1,0,S. flexneri,M90T,Sf,100x,2022-05-13 - 1 - 9.73,0.182,0.282,0.282,1
940,5/13/2022,1,M21,3-1-M21,10.81,0.482,21,M,Azithromycin,1,0,S. flexneri,M90T,Sf,100x,2022-05-13 - 1 - 10.81,0.181,0.301,0.301,1
941,5/13/2022,1,M21,3-1-M21,11.89,0.49,21,M,Azithromycin,1,0,S. flexneri,M90T,Sf,100x,2022-05-13 - 1 - 11.89,0.181,0.309,0.309,1
942,5/13/2022,1,M21,3-1-M21,12.97,0.498,21,M,Azithromycin,1,0,S. flexneri,M90T,Sf,100x,2022-05-13 - 1 - 12.97,0.182,0.316,0.316,1
943,5/13/2022,1,M23,3-1-M23,0,0.171,23,M,Azithromycin,1,-1,S. flexneri,M90T,Sf,100x,2022-05-13 - 1 - 0.0,0.171,0.03,0.03,1
944,5/13/2022,1,M23,3-1-M23,1.08,0.19,23,M,Azithromycin,1,-1,S. flexneri,M90T,Sf,100x,2022-05-13 - 1 - 1.08,0.19,0.03,0.03,1
945,5/13/2022,1,M23,3-1-M23,2.16,0.183,23,M,Azithromycin,1,-1,S. flexneri,M90T,Sf,100x,2022-05-13 - 1 - 2.16,0.183,0.03,0.03,1
946,5/13/2022,1,M23,3-1-M23,3.24,0.185,23,M,Azithromycin,1,-1,S. flexneri,M90T,Sf,100x,2022-05-13 - 1 - 3.24,0.185,0.03,0.03,1
947,5/13/2022,1,M23,3-1-M23,4.32,0.184,23,M,Azithromycin,1,-1,S. flexneri,M90T,Sf,100x,2022-05-13 - 1 - 4.32,0.184,0.03,0.058,0.517241379
948,5/13/2022,1,M23,3-1-M23,5.4,0.186,23,M,Azithromycin,1,-1,S. flexneri,M90T,Sf,100x,2022-05-13 - 1 - 5.4,0.186,0.03,0.131,0.229007634
949,5/13/2022,1,M23,3-1-M23,6.48,0.184,23,M,Azithromycin,1,-1,S. flexneri,M90T,Sf,100x,2022-05-13 - 1 - 6.48,0.184,0.03,0.193,0.155440415
950,5/13/2022,1,M23,3-1-M23,7.56,0.184,23,M,Azithromycin,1,-1,S. flexneri,M90T,Sf,100x,2022-05-13 - 1 - 7.56,0.184,0.03,0.23,0.130434783
951,5/13/2022,1,M23,3-1-M23,8.64,0.183,23,M,Azithromycin,1,-1,S. flexneri,M90T,Sf,100x,2022-05-13 - 1 - 8.64,0.183,0.03,0.256,0.1171875
952,5/13/2022,1,M23,3-1-M23,9.73,0.182,23,M,Azithromycin,1,-1,S. flexneri,M90T,Sf,100x,2022-05-13 - 1 - 9.73,0.182,0.03,0.282,0.106382979
953,5/13/2022,1,M23,3-1-M23,10.81,0.181,23,M,Azithromycin,1,-1,S. flexneri,M90T,Sf,100x,2022-05-13 - 1 - 10.81,0.181,0.03,0.301,0.099667774
954,5/13/2022,1,M23,3-1-M23,11.89,0.181,23,M,Azithromycin,1,-1,S. flexneri,M90T,Sf,100x,2022-05-13 - 1 - 11.89,0.181,0.03,0.309,0.097087379
955,5/13/2022,1,M23,3-1-M23,12.97,0.182,23,M,Azithromycin,1,-1,S. flexneri,M90T,Sf,100x,2022-05-13 - 1 - 12.97,0.182,0.03,0.316,0.094936709
956,5/13/2022,1,M3,3-1-M3,0,0.216,3,M,Azithromycin,1,30,S. flexneri,M90T,Sf,100x,2022-05-13 - 1 - 0.0,0.171,0.045,0.03,1.5
957,5/13/2022,1,M3,3-1-M3,1.08,0.275,3,M,Azithromycin,1,30,S. flexneri,M90T,Sf,100x,2022-05-13 - 1 - 1.08,0.19,0.085,0.03,2.833333333
958,5/13/2022,1,M3,3-1-M3,2.16,0.223,3,M,Azithromycin,1,30,S. flexneri,M90T,Sf,100x,2022-05-13 - 1 - 2.16,0.183,0.04,0.03,1.333333333
959,5/13/2022,1,M3,3-1-M3,3.24,0.23,3,M,Azithromycin,1,30,S. flexneri,M90T,Sf,100x,2022-05-13 - 1 - 3.24,0.185,0.045,0.03,1.5
960,5/13/2022,1,M3,3-1-M3,4.32,0.22,3,M,Azithromycin,1,30,S. flexneri,M90T,Sf,100x,2022-05-13 - 1 - 4.32,0.184,0.036,0.058,0.620689655
961,5/13/2022,1,M3,3-1-M3,5.4,0.226,3,M,Azithromycin,1,30,S. flexneri,M90T,Sf,100x,2022-05-13 - 1 - 5.4,0.186,0.04,0.131,0.305343511
962,5/13/2022,1,M3,3-1-M3,6.48,0.23,3,M,Azithromycin,1,30,S. flexneri,M90T,Sf,100x,2022-05-13 - 1 - 6.48,0.184,0.046,0.193,0.238341969
963,5/13/2022,1,M3,3-1-M3,7.56,0.229,3,M,Azithromycin,1,30,S. flexneri,M90T,Sf,100x,2022-05-13 - 1 - 7.56,0.184,0.045,0.23,0.195652174
964,5/13/2022,1,M3,3-1-M3,8.64,0.222,3,M,Azithromycin,1,30,S. flexneri,M90T,Sf,100x,2022-05-13 - 1 - 8.64,0.183,0.039,0.256,0.15234375
965,5/13/2022,1,M3,3-1-M3,9.73,0.226,3,M,Azithromycin,1,30,S. flexneri,M90T,Sf,100x,2022-05-13 - 1 - 9.73,0.182,0.044,0.282,0.156028369
966,5/13/2022,1,M3,3-1-M3,10.81,0.219,3,M,Azithromycin,1,30,S. flexneri,M90T,Sf,100x,2022-05-13 - 1 - 10.81,0.181,0.038,0.301,0.126245847
967,5/13/2022,1,M3,3-1-M3,11.89,0.223,3,M,Azithromycin,1,30,S. flexneri,M90T,Sf,100x,2022-05-13 - 1 - 11.89,0.181,0.042,0.309,0.13592233
968,5/13/2022,1,M3,3-1-M3,12.97,0.227,3,M,Azithromycin,1,30,S. flexneri,M90T,Sf,100x,2022-05-13 - 1 - 12.97,0.182,0.045,0.316,0.142405063
969,5/13/2022,1,M5,3-1-M5,0,0.205,5,M,Azithromycin,1,10,S. flexneri,M90T,Sf,100x,2022-05-13 - 1 - 0.0,0.171,0.034,0.03,1.133333333
970,5/13/2022,1,M5,3-1-M5,1.08,0.27,5,M,Azithromycin,1,10,S. flexneri,M90T,Sf,100x,2022-05-13 - 1 - 1.08,0.19,0.08,0.03,2.666666667
971,5/13/2022,1,M5,3-1-M5,2.16,0.243,5,M,Azithromycin,1,10,S. flexneri,M90T,Sf,100x,2022-05-13 - 1 - 2.16,0.183,0.06,0.03,2
972,5/13/2022,1,M5,3-1-M5,3.24,0.254,5,M,Azithromycin,1,10,S. flexneri,M90T,Sf,100x,2022-05-13 - 1 - 3.24,0.185,0.069,0.03,2.3
973,5/13/2022,1,M5,3-1-M5,4.32,0.241,5,M,Azithromycin,1,10,S. flexneri,M90T,Sf,100x,2022-05-13 - 1 - 4.32,0.184,0.057,0.058,0.982758621
974,5/13/2022,1,M5,3-1-M5,5.4,0.262,5,M,Azithromycin,1,10,S. flexneri,M90T,Sf,100x,2022-05-13 - 1 - 5.4,0.186,0.076,0.131,0.580152672
975,5/13/2022,1,M5,3-1-M5,6.48,0.277,5,M,Azithromycin,1,10,S. flexneri,M90T,Sf,100x,2022-05-13 - 1 - 6.48,0.184,0.093,0.193,0.481865285
976,5/13/2022,1,M5,3-1-M5,7.56,0.287,5,M,Azithromycin,1,10,S. flexneri,M90T,Sf,100x,2022-05-13 - 1 - 7.56,0.184,0.103,0.23,0.447826087
977,5/13/2022,1,M5,3-1-M5,8.64,0.301,5,M,Azithromycin,1,10,S. flexneri,M90T,Sf,100x,2022-05-13 - 1 - 8.64,0.183,0.118,0.256,0.4609375
978,5/13/2022,1,M5,3-1-M5,9.73,0.334,5,M,Azithromycin,1,10,S. flexneri,M90T,Sf,100x,2022-05-13 - 1 - 9.73,0.182,0.152,0.282,0.539007092
979,5/13/2022,1,M5,3-1-M5,10.81,0.354,5,M,Azithromycin,1,10,S. flexneri,M90T,Sf,100x,2022-05-13 - 1 - 10.81,0.181,0.173,0.301,0.574750831
980,5/13/2022,1,M5,3-1-M5,11.89,0.384,5,M,Azithromycin,1,10,S. flexneri,M90T,Sf,100x,2022-05-13 - 1 - 11.89,0.181,0.203,0.309,0.656957929
981,5/13/2022,1,M5,3-1-M5,12.97,0.399,5,M,Azithromycin,1,10,S. flexneri,M90T,Sf,100x,2022-05-13 - 1 - 12.97,0.182,0.217,0.316,0.686708861
982,5/13/2022,1,M7,3-1-M7,0,0.201,7,M,Azithromycin,1,3,S. flexneri,M90T,Sf,100x,2022-05-13 - 1 - 0.0,0.171,0.03,0.03,1
983,5/13/2022,1,M7,3-1-M7,1.08,0.223,7,M,Azithromycin,1,3,S. flexneri,M90T,Sf,100x,2022-05-13 - 1 - 1.08,0.19,0.033,0.03,1.1
984,5/13/2022,1,M7,3-1-M7,2.16,0.21,7,M,Azithromycin,1,3,S. flexneri,M90T,Sf,100x,2022-05-13 - 1 - 2.16,0.183,0.03,0.03,1
985,5/13/2022,1,M7,3-1-M7,3.24,0.216,7,M,Azithromycin,1,3,S. flexneri,M90T,Sf,100x,2022-05-13 - 1 - 3.24,0.185,0.031,0.03,1.033333333
986,5/13/2022,1,M7,3-1-M7,4.32,0.23,7,M,Azithromycin,1,3,S. flexneri,M90T,Sf,100x,2022-05-13 - 1 - 4.32,0.184,0.046,0.058,0.793103448
987,5/13/2022,1,M7,3-1-M7,5.4,0.283,7,M,Azithromycin,1,3,S. flexneri,M90T,Sf,100x,2022-05-13 - 1 - 5.4,0.186,0.097,0.131,0.740458015
988,5/13/2022,1,M7,3-1-M7,6.48,0.342,7,M,Azithromycin,1,3,S. flexneri,M90T,Sf,100x,2022-05-13 - 1 - 6.48,0.184,0.158,0.193,0.81865285
989,5/13/2022,1,M7,3-1-M7,7.56,0.399,7,M,Azithromycin,1,3,S. flexneri,M90T,Sf,100x,2022-05-13 - 1 - 7.56,0.184,0.215,0.23,0.934782609
990,5/13/2022,1,M7,3-1-M7,8.64,0.43,7,M,Azithromycin,1,3,S. flexneri,M90T,Sf,100x,2022-05-13 - 1 - 8.64,0.183,0.247,0.256,0.96484375
991,5/13/2022,1,M7,3-1-M7,9.73,0.441,7,M,Azithromycin,1,3,S. flexneri,M90T,Sf,100x,2022-05-13 - 1 - 9.73,0.182,0.259,0.282,0.918439716
992,5/13/2022,1,M7,3-1-M7,10.81,0.44,7,M,Azithromycin,1,3,S. flexneri,M90T,Sf,100x,2022-05-13 - 1 - 10.81,0.181,0.259,0.301,0.860465116
993,5/13/2022,1,M7,3-1-M7,11.89,0.444,7,M,Azithromycin,1,3,S. flexneri,M90T,Sf,100x,2022-05-13 - 1 - 11.89,0.181,0.263,0.309,0.851132686
994,5/13/2022,1,M7,3-1-M7,12.97,0.45,7,M,Azithromycin,1,3,S. flexneri,M90T,Sf,100x,2022-05-13 - 1 - 12.97,0.182,0.268,0.316,0.848101266
995,5/13/2022,1,M9,3-1-M9,0,0.185,9,M,Azithromycin,1,1,S. flexneri,M90T,Sf,100x,2022-05-13 - 1 - 0.0,0.171,0.03,0.03,1
996,5/13/2022,1,M9,3-1-M9,1.08,0.221,9,M,Azithromycin,1,1,S. flexneri,M90T,Sf,100x,2022-05-13 - 1 - 1.08,0.19,0.031,0.03,1.033333333
997,5/13/2022,1,M9,3-1-M9,2.16,0.216,9,M,Azithromycin,1,1,S. flexneri,M90T,Sf,100x,2022-05-13 - 1 - 2.16,0.183,0.033,0.03,1.1
998,5/13/2022,1,M9,3-1-M9,3.24,0.222,9,M,Azithromycin,1,1,S. flexneri,M90T,Sf,100x,2022-05-13 - 1 - 3.24,0.185,0.037,0.03,1.233333333
999,5/13/2022,1,M9,3-1-M9,4.32,0.247,9,M,Azithromycin,1,1,S. flexneri,M90T,Sf,100x,2022-05-13 - 1 - 4.32,0.184,0.063,0.058,1.086206897
1000,5/13/2022,1,M9,3-1-M9,5.4,0.311,9,M,Azithromycin,1,1,S. flexneri,M90T,Sf,100x,2022-05-13 - 1 - 5.4,0.186,0.125,0.131,0.954198473
1001,5/13/2022,1,M9,3-1-M9,6.48,0.372,9,M,Azithromycin,1,1,S. flexneri,M90T,Sf,100x,2022-05-13 - 1 - 6.48,0.184,0.188,0.193,0.974093264
1002,5/13/2022,1,M9,3-1-M9,7.56,0.418,9,M,Azithromycin,1,1,S. flexneri,M90T,Sf,100x,2022-05-13 - 1 - 7.56,0.184,0.234,0.23,1.017391304
1003,5/13/2022,1,M9,3-1-M9,8.64,0.449,9,M,Azithromycin,1,1,S. flexneri,M90T,Sf,100x,2022-05-13 - 1 - 8.64,0.183,0.266,0.256,1.0390625
1004,5/13/2022,1,M9,3-1-M9,9.73,0.46,9,M,Azithromycin,1,1,S. flexneri,M90T,Sf,100x,2022-05-13 - 1 - 9.73,0.182,0.278,0.282,0.985815603
1005,5/13/2022,1,M9,3-1-M9,10.81,0.467,9,M,Azithromycin,1,1,S. flexneri,M90T,Sf,100x,2022-05-13 - 1 - 10.81,0.181,0.286,0.301,0.950166113
1006,5/13/2022,1,M9,3-1-M9,11.89,0.476,9,M,Azithromycin,1,1,S. flexneri,M90T,Sf,100x,2022-05-13 - 1 - 11.89,0.181,0.295,0.309,0.954692557
1007,5/13/2022,1,M9,3-1-M9,12.97,0.48,9,M,Azithromycin,1,1,S. flexneri,M90T,Sf,100x,2022-05-13 - 1 - 12.97,0.182,0.298,0.316,0.943037975
1008,5/13/2022,6,M1,3-6-M1,0,0.206,1,M,Azithromycin,1,100,S. flexneri,M90T,Sf,100x,2022-05-13 - 6 - 0.0,0.154,0.052,0.033,1.575757576
1009,5/13/2022,6,M1,3-6-M1,1.09,0.209,1,M,Azithromycin,1,100,S. flexneri,M90T,Sf,100x,2022-05-13 - 6 - 1.09,0.165,0.044,0.03,1.466666667
1010,5/13/2022,6,M1,3-6-M1,2.17,0.207,1,M,Azithromycin,1,100,S. flexneri,M90T,Sf,100x,2022-05-13 - 6 - 2.17,0.168,0.039,0.03,1.3
1011,5/13/2022,6,M1,3-6-M1,3.25,0.206,1,M,Azithromycin,1,100,S. flexneri,M90T,Sf,100x,2022-05-13 - 6 - 3.25,0.169,0.037,0.03,1.233333333
1012,5/13/2022,6,M1,3-6-M1,4.33,0.204,1,M,Azithromycin,1,100,S. flexneri,M90T,Sf,100x,2022-05-13 - 6 - 4.33,0.169,0.035,0.047,0.744680851
1013,5/13/2022,6,M1,3-6-M1,5.41,0.202,1,M,Azithromycin,1,100,S. flexneri,M90T,Sf,100x,2022-05-13 - 6 - 5.41,0.169,0.033,0.091,0.362637363
1014,5/13/2022,6,M1,3-6-M1,6.5,0.2,1,M,Azithromycin,1,100,S. flexneri,M90T,Sf,100x,2022-05-13 - 6 - 6.5,0.168,0.032,0.147,0.217687075
1015,5/13/2022,6,M1,3-6-M1,7.58,0.2,1,M,Azithromycin,1,100,S. flexneri,M90T,Sf,100x,2022-05-13 - 6 - 7.58,0.169,0.031,0.198,0.156565657
1016,5/13/2022,6,M1,3-6-M1,8.66,0.199,1,M,Azithromycin,1,100,S. flexneri,M90T,Sf,100x,2022-05-13 - 6 - 8.66,0.168,0.031,0.241,0.128630705
1017,5/13/2022,6,M1,3-6-M1,9.74,0.197,1,M,Azithromycin,1,100,S. flexneri,M90T,Sf,100x,2022-05-13 - 6 - 9.74,0.166,0.031,0.274,0.113138686
1018,5/13/2022,6,M1,3-6-M1,10.82,0.197,1,M,Azithromycin,1,100,S. flexneri,M90T,Sf,100x,2022-05-13 - 6 - 10.82,0.166,0.031,0.303,0.102310231
1019,5/13/2022,6,M1,3-6-M1,11.91,0.196,1,M,Azithromycin,1,100,S. flexneri,M90T,Sf,100x,2022-05-13 - 6 - 11.91,0.166,0.03,0.323,0.092879257
1020,5/13/2022,6,M1,3-6-M1,12.99,0.197,1,M,Azithromycin,1,100,S. flexneri,M90T,Sf,100x,2022-05-13 - 6 - 12.99,0.169,0.03,0.33,0.090909091
1021,5/13/2022,6,M11,3-6-M11,0,0.187,11,M,Azithromycin,1,0.3,S. flexneri,M90T,Sf,100x,2022-05-13 - 6 - 0.0,0.154,0.033,0.033,1
1022,5/13/2022,6,M11,3-6-M11,1.09,0.189,11,M,Azithromycin,1,0.3,S. flexneri,M90T,Sf,100x,2022-05-13 - 6 - 1.09,0.165,0.03,0.03,1
1023,5/13/2022,6,M11,3-6-M11,2.17,0.191,11,M,Azithromycin,1,0.3,S. flexneri,M90T,Sf,100x,2022-05-13 - 6 - 2.17,0.168,0.03,0.03,1
1024,5/13/2022,6,M11,3-6-M11,3.25,0.194,11,M,Azithromycin,1,0.3,S. flexneri,M90T,Sf,100x,2022-05-13 - 6 - 3.25,0.169,0.03,0.03,1
1025,5/13/2022,6,M11,3-6-M11,4.33,0.211,11,M,Azithromycin,1,0.3,S. flexneri,M90T,Sf,100x,2022-05-13 - 6 - 4.33,0.169,0.042,0.047,0.893617021
1026,5/13/2022,6,M11,3-6-M11,5.41,0.254,11,M,Azithromycin,1,0.3,S. flexneri,M90T,Sf,100x,2022-05-13 - 6 - 5.41,0.169,0.085,0.091,0.934065934
1027,5/13/2022,6,M11,3-6-M11,6.5,0.302,11,M,Azithromycin,1,0.3,S. flexneri,M90T,Sf,100x,2022-05-13 - 6 - 6.5,0.168,0.134,0.147,0.911564626
1028,5/13/2022,6,M11,3-6-M11,7.58,0.347,11,M,Azithromycin,1,0.3,S. flexneri,M90T,Sf,100x,2022-05-13 - 6 - 7.58,0.169,0.178,0.198,0.898989899
1029,5/13/2022,6,M11,3-6-M11,8.66,0.38,11,M,Azithromycin,1,0.3,S. flexneri,M90T,Sf,100x,2022-05-13 - 6 - 8.66,0.168,0.212,0.241,0.87966805
1030,5/13/2022,6,M11,3-6-M11,9.74,0.407,11,M,Azithromycin,1,0.3,S. flexneri,M90T,Sf,100x,2022-05-13 - 6 - 9.74,0.166,0.241,0.274,0.879562044
1031,5/13/2022,6,M11,3-6-M11,10.82,0.426,11,M,Azithromycin,1,0.3,S. flexneri,M90T,Sf,100x,2022-05-13 - 6 - 10.82,0.166,0.26,0.303,0.858085809
1032,5/13/2022,6,M11,3-6-M11,11.91,0.44,11,M,Azithromycin,1,0.3,S. flexneri,M90T,Sf,100x,2022-05-13 - 6 - 11.91,0.166,0.274,0.323,0.848297214
1033,5/13/2022,6,M11,3-6-M11,12.99,0.449,11,M,Azithromycin,1,0.3,S. flexneri,M90T,Sf,100x,2022-05-13 - 6 - 12.99,0.169,0.28,0.33,0.848484848
1034,5/13/2022,6,M13,3-6-M13,0,0.18,13,M,Azithromycin,1,0.1,S. flexneri,M90T,Sf,100x,2022-05-13 - 6 - 0.0,0.154,0.03,0.033,0.909090909
1035,5/13/2022,6,M13,3-6-M13,1.09,0.184,13,M,Azithromycin,1,0.1,S. flexneri,M90T,Sf,100x,2022-05-13 - 6 - 1.09,0.165,0.03,0.03,1
1036,5/13/2022,6,M13,3-6-M13,2.17,0.186,13,M,Azithromycin,1,0.1,S. flexneri,M90T,Sf,100x,2022-05-13 - 6 - 2.17,0.168,0.03,0.03,1
1037,5/13/2022,6,M13,3-6-M13,3.25,0.191,13,M,Azithromycin,1,0.1,S. flexneri,M90T,Sf,100x,2022-05-13 - 6 - 3.25,0.169,0.03,0.03,1
1038,5/13/2022,6,M13,3-6-M13,4.33,0.214,13,M,Azithromycin,1,0.1,S. flexneri,M90T,Sf,100x,2022-05-13 - 6 - 4.33,0.169,0.045,0.047,0.957446809
1039,5/13/2022,6,M13,3-6-M13,5.41,0.28,13,M,Azithromycin,1,0.1,S. flexneri,M90T,Sf,100x,2022-05-13 - 6 - 5.41,0.169,0.111,0.091,1.21978022
1040,5/13/2022,6,M13,3-6-M13,6.5,0.355,13,M,Azithromycin,1,0.1,S. flexneri,M90T,Sf,100x,2022-05-13 - 6 - 6.5,0.168,0.187,0.147,1.272108844
1041,5/13/2022,6,M13,3-6-M13,7.58,0.405,13,M,Azithromycin,1,0.1,S. flexneri,M90T,Sf,100x,2022-05-13 - 6 - 7.58,0.169,0.236,0.198,1.191919192
1042,5/13/2022,6,M13,3-6-M13,8.66,0.435,13,M,Azithromycin,1,0.1,S. flexneri,M90T,Sf,100x,2022-05-13 - 6 - 8.66,0.168,0.267,0.241,1.107883817
1043,5/13/2022,6,M13,3-6-M13,9.74,0.458,13,M,Azithromycin,1,0.1,S. flexneri,M90T,Sf,100x,2022-05-13 - 6 - 9.74,0.166,0.292,0.274,1.065693431
1044,5/13/2022,6,M13,3-6-M13,10.82,0.476,13,M,Azithromycin,1,0.1,S. flexneri,M90T,Sf,100x,2022-05-13 - 6 - 10.82,0.166,0.31,0.303,1.02310231
1045,5/13/2022,6,M13,3-6-M13,11.91,0.486,13,M,Azithromycin,1,0.1,S. flexneri,M90T,Sf,100x,2022-05-13 - 6 - 11.91,0.166,0.32,0.323,0.990712074
1046,5/13/2022,6,M13,3-6-M13,12.99,0.498,13,M,Azithromycin,1,0.1,S. flexneri,M90T,Sf,100x,2022-05-13 - 6 - 12.99,0.169,0.329,0.33,0.996969697
1047,5/13/2022,6,M15,3-6-M15,0,0.182,15,M,Azithromycin,1,0.03,S. flexneri,M90T,Sf,100x,2022-05-13 - 6 - 0.0,0.154,0.03,0.033,0.909090909
1048,5/13/2022,6,M15,3-6-M15,1.09,0.189,15,M,Azithromycin,1,0.03,S. flexneri,M90T,Sf,100x,2022-05-13 - 6 - 1.09,0.165,0.03,0.03,1
1049,5/13/2022,6,M15,3-6-M15,2.17,0.19,15,M,Azithromycin,1,0.03,S. flexneri,M90T,Sf,100x,2022-05-13 - 6 - 2.17,0.168,0.03,0.03,1
1050,5/13/2022,6,M15,3-6-M15,3.25,0.193,15,M,Azithromycin,1,0.03,S. flexneri,M90T,Sf,100x,2022-05-13 - 6 - 3.25,0.169,0.03,0.03,1
1051,5/13/2022,6,M15,3-6-M15,4.33,0.209,15,M,Azithromycin,1,0.03,S. flexneri,M90T,Sf,100x,2022-05-13 - 6 - 4.33,0.169,0.04,0.047,0.85106383
1052,5/13/2022,6,M15,3-6-M15,5.41,0.256,15,M,Azithromycin,1,0.03,S. flexneri,M90T,Sf,100x,2022-05-13 - 6 - 5.41,0.169,0.087,0.091,0.956043956
1053,5/13/2022,6,M15,3-6-M15,6.5,0.311,15,M,Azithromycin,1,0.03,S. flexneri,M90T,Sf,100x,2022-05-13 - 6 - 6.5,0.168,0.143,0.147,0.972789116
1054,5/13/2022,6,M15,3-6-M15,7.58,0.36,15,M,Azithromycin,1,0.03,S. flexneri,M90T,Sf,100x,2022-05-13 - 6 - 7.58,0.169,0.191,0.198,0.964646465
1055,5/13/2022,6,M15,3-6-M15,8.66,0.398,15,M,Azithromycin,1,0.03,S. flexneri,M90T,Sf,100x,2022-05-13 - 6 - 8.66,0.168,0.23,0.241,0.954356846
1056,5/13/2022,6,M15,3-6-M15,9.74,0.428,15,M,Azithromycin,1,0.03,S. flexneri,M90T,Sf,100x,2022-05-13 - 6 - 9.74,0.166,0.262,0.274,0.95620438
1057,5/13/2022,6,M15,3-6-M15,10.82,0.453,15,M,Azithromycin,1,0.03,S. flexneri,M90T,Sf,100x,2022-05-13 - 6 - 10.82,0.166,0.287,0.303,0.947194719
1058,5/13/2022,6,M15,3-6-M15,11.91,0.473,15,M,Azithromycin,1,0.03,S. flexneri,M90T,Sf,100x,2022-05-13 - 6 - 11.91,0.166,0.307,0.323,0.950464396
1059,5/13/2022,6,M15,3-6-M15,12.99,0.486,15,M,Azithromycin,1,0.03,S. flexneri,M90T,Sf,100x,2022-05-13 - 6 - 12.99,0.169,0.317,0.33,0.960606061
1060,5/13/2022,6,M17,3-6-M17,0,0.154,17,M,Azithromycin,1,0.01,S. flexneri,M90T,Sf,100x,2022-05-13 - 6 - 0.0,0.154,0.03,0.033,0.909090909
1061,5/13/2022,6,M17,3-6-M17,1.09,0.166,17,M,Azithromycin,1,0.01,S. flexneri,M90T,Sf,100x,2022-05-13 - 6 - 1.09,0.165,0.03,0.03,1
1062,5/13/2022,6,M17,3-6-M17,2.17,0.169,17,M,Azithromycin,1,0.01,S. flexneri,M90T,Sf,100x,2022-05-13 - 6 - 2.17,0.168,0.03,0.03,1
1063,5/13/2022,6,M17,3-6-M17,3.25,0.172,17,M,Azithromycin,1,0.01,S. flexneri,M90T,Sf,100x,2022-05-13 - 6 - 3.25,0.169,0.03,0.03,1
1064,5/13/2022,6,M17,3-6-M17,4.33,0.192,17,M,Azithromycin,1,0.01,S. flexneri,M90T,Sf,100x,2022-05-13 - 6 - 4.33,0.169,0.03,0.047,0.638297872
1065,5/13/2022,6,M17,3-6-M17,5.41,0.239,17,M,Azithromycin,1,0.01,S. flexneri,M90T,Sf,100x,2022-05-13 - 6 - 5.41,0.169,0.07,0.091,0.769230769
1066,5/13/2022,6,M17,3-6-M17,6.5,0.292,17,M,Azithromycin,1,0.01,S. flexneri,M90T,Sf,100x,2022-05-13 - 6 - 6.5,0.168,0.124,0.147,0.843537415
1067,5/13/2022,6,M17,3-6-M17,7.58,0.333,17,M,Azithromycin,1,0.01,S. flexneri,M90T,Sf,100x,2022-05-13 - 6 - 7.58,0.169,0.164,0.198,0.828282828
1068,5/13/2022,6,M17,3-6-M17,8.66,0.365,17,M,Azithromycin,1,0.01,S. flexneri,M90T,Sf,100x,2022-05-13 - 6 - 8.66,0.168,0.197,0.241,0.817427386
1069,5/13/2022,6,M17,3-6-M17,9.74,0.386,17,M,Azithromycin,1,0.01,S. flexneri,M90T,Sf,100x,2022-05-13 - 6 - 9.74,0.166,0.22,0.274,0.802919708
1070,5/13/2022,6,M17,3-6-M17,10.82,0.402,17,M,Azithromycin,1,0.01,S. flexneri,M90T,Sf,100x,2022-05-13 - 6 - 10.82,0.166,0.236,0.303,0.778877888
1071,5/13/2022,6,M17,3-6-M17,11.91,0.417,17,M,Azithromycin,1,0.01,S. flexneri,M90T,Sf,100x,2022-05-13 - 6 - 11.91,0.166,0.251,0.323,0.777089783
1072,5/13/2022,6,M17,3-6-M17,12.99,0.429,17,M,Azithromycin,1,0.01,S. flexneri,M90T,Sf,100x,2022-05-13 - 6 - 12.99,0.169,0.26,0.33,0.787878788
1073,5/13/2022,6,M19,3-6-M19,0,0.162,19,M,Azithromycin,1,0.003,S. flexneri,M90T,Sf,100x,2022-05-13 - 6 - 0.0,0.154,0.03,0.033,0.909090909
1074,5/13/2022,6,M19,3-6-M19,1.09,0.176,19,M,Azithromycin,1,0.003,S. flexneri,M90T,Sf,100x,2022-05-13 - 6 - 1.09,0.165,0.03,0.03,1
1075,5/13/2022,6,M19,3-6-M19,2.17,0.178,19,M,Azithromycin,1,0.003,S. flexneri,M90T,Sf,100x,2022-05-13 - 6 - 2.17,0.168,0.03,0.03,1
1076,5/13/2022,6,M19,3-6-M19,3.25,0.184,19,M,Azithromycin,1,0.003,S. flexneri,M90T,Sf,100x,2022-05-13 - 6 - 3.25,0.169,0.03,0.03,1
1077,5/13/2022,6,M19,3-6-M19,4.33,0.212,19,M,Azithromycin,1,0.003,S. flexneri,M90T,Sf,100x,2022-05-13 - 6 - 4.33,0.169,0.043,0.047,0.914893617
1078,5/13/2022,6,M19,3-6-M19,5.41,0.275,19,M,Azithromycin,1,0.003,S. flexneri,M90T,Sf,100x,2022-05-13 - 6 - 5.41,0.169,0.106,0.091,1.164835165
1079,5/13/2022,6,M19,3-6-M19,6.5,0.346,19,M,Azithromycin,1,0.003,S. flexneri,M90T,Sf,100x,2022-05-13 - 6 - 6.5,0.168,0.178,0.147,1.210884354
1080,5/13/2022,6,M19,3-6-M19,7.58,0.402,19,M,Azithromycin,1,0.003,S. flexneri,M90T,Sf,100x,2022-05-13 - 6 - 7.58,0.169,0.233,0.198,1.176767677
1081,5/13/2022,6,M19,3-6-M19,8.66,0.431,19,M,Azithromycin,1,0.003,S. flexneri,M90T,Sf,100x,2022-05-13 - 6 - 8.66,0.168,0.263,0.241,1.091286307
1082,5/13/2022,6,M19,3-6-M19,9.74,0.461,19,M,Azithromycin,1,0.003,S. flexneri,M90T,Sf,100x,2022-05-13 - 6 - 9.74,0.166,0.295,0.274,1.076642336
1083,5/13/2022,6,M19,3-6-M19,10.82,0.484,19,M,Azithromycin,1,0.003,S. flexneri,M90T,Sf,100x,2022-05-13 - 6 - 10.82,0.166,0.318,0.303,1.04950495
1084,5/13/2022,6,M19,3-6-M19,11.91,0.503,19,M,Azithromycin,1,0.003,S. flexneri,M90T,Sf,100x,2022-05-13 - 6 - 11.91,0.166,0.337,0.323,1.043343653
1085,5/13/2022,6,M19,3-6-M19,12.99,0.511,19,M,Azithromycin,1,0.003,S. flexneri,M90T,Sf,100x,2022-05-13 - 6 - 12.99,0.169,0.342,0.33,1.036363636
1086,5/13/2022,6,M21,3-6-M21,0,0.187,21,M,Azithromycin,1,0,S. flexneri,M90T,Sf,100x,2022-05-13 - 6 - 0.0,0.154,0.033,0.033,1
1087,5/13/2022,6,M21,3-6-M21,1.09,0.19,21,M,Azithromycin,1,0,S. flexneri,M90T,Sf,100x,2022-05-13 - 6 - 1.09,0.165,0.03,0.03,1
1088,5/13/2022,6,M21,3-6-M21,2.17,0.196,21,M,Azithromycin,1,0,S. flexneri,M90T,Sf,100x,2022-05-13 - 6 - 2.17,0.168,0.03,0.03,1
1089,5/13/2022,6,M21,3-6-M21,3.25,0.199,21,M,Azithromycin,1,0,S. flexneri,M90T,Sf,100x,2022-05-13 - 6 - 3.25,0.169,0.03,0.03,1
1090,5/13/2022,6,M21,3-6-M21,4.33,0.216,21,M,Azithromycin,1,0,S. flexneri,M90T,Sf,100x,2022-05-13 - 6 - 4.33,0.169,0.047,0.047,1
1091,5/13/2022,6,M21,3-6-M21,5.41,0.26,21,M,Azithromycin,1,0,S. flexneri,M90T,Sf,100x,2022-05-13 - 6 - 5.41,0.169,0.091,0.091,1
1092,5/13/2022,6,M21,3-6-M21,6.5,0.315,21,M,Azithromycin,1,0,S. flexneri,M90T,Sf,100x,2022-05-13 - 6 - 6.5,0.168,0.147,0.147,1
1093,5/13/2022,6,M21,3-6-M21,7.58,0.367,21,M,Azithromycin,1,0,S. flexneri,M90T,Sf,100x,2022-05-13 - 6 - 7.58,0.169,0.198,0.198,1
1094,5/13/2022,6,M21,3-6-M21,8.66,0.409,21,M,Azithromycin,1,0,S. flexneri,M90T,Sf,100x,2022-05-13 - 6 - 8.66,0.168,0.241,0.241,1
1095,5/13/2022,6,M21,3-6-M21,9.74,0.44,21,M,Azithromycin,1,0,S. flexneri,M90T,Sf,100x,2022-05-13 - 6 - 9.74,0.166,0.274,0.274,1
1096,5/13/2022,6,M21,3-6-M21,10.82,0.469,21,M,Azithromycin,1,0,S. flexneri,M90T,Sf,100x,2022-05-13 - 6 - 10.82,0.166,0.303,0.303,1
1097,5/13/2022,6,M21,3-6-M21,11.91,0.489,21,M,Azithromycin,1,0,S. flexneri,M90T,Sf,100x,2022-05-13 - 6 - 11.91,0.166,0.323,0.323,1
1098,5/13/2022,6,M21,3-6-M21,12.99,0.499,21,M,Azithromycin,1,0,S. flexneri,M90T,Sf,100x,2022-05-13 - 6 - 12.99,0.169,0.33,0.33,1
1099,5/13/2022,6,M23,3-6-M23,0,0.154,23,M,Azithromycin,1,-1,S. flexneri,M90T,Sf,100x,2022-05-13 - 6 - 0.0,0.154,0.03,0.033,0.909090909
1100,5/13/2022,6,M23,3-6-M23,1.09,0.165,23,M,Azithromycin,1,-1,S. flexneri,M90T,Sf,100x,2022-05-13 - 6 - 1.09,0.165,0.03,0.03,1
1101,5/13/2022,6,M23,3-6-M23,2.17,0.168,23,M,Azithromycin,1,-1,S. flexneri,M90T,Sf,100x,2022-05-13 - 6 - 2.17,0.168,0.03,0.03,1
1102,5/13/2022,6,M23,3-6-M23,3.25,0.169,23,M,Azithromycin,1,-1,S. flexneri,M90T,Sf,100x,2022-05-13 - 6 - 3.25,0.169,0.03,0.03,1
1103,5/13/2022,6,M23,3-6-M23,4.33,0.169,23,M,Azithromycin,1,-1,S. flexneri,M90T,Sf,100x,2022-05-13 - 6 - 4.33,0.169,0.03,0.047,0.638297872
1104,5/13/2022,6,M23,3-6-M23,5.41,0.169,23,M,Azithromycin,1,-1,S. flexneri,M90T,Sf,100x,2022-05-13 - 6 - 5.41,0.169,0.03,0.091,0.32967033
1105,5/13/2022,6,M23,3-6-M23,6.5,0.168,23,M,Azithromycin,1,-1,S. flexneri,M90T,Sf,100x,2022-05-13 - 6 - 6.5,0.168,0.03,0.147,0.204081633
1106,5/13/2022,6,M23,3-6-M23,7.58,0.169,23,M,Azithromycin,1,-1,S. flexneri,M90T,Sf,100x,2022-05-13 - 6 - 7.58,0.169,0.03,0.198,0.151515152
1107,5/13/2022,6,M23,3-6-M23,8.66,0.168,23,M,Azithromycin,1,-1,S. flexneri,M90T,Sf,100x,2022-05-13 - 6 - 8.66,0.168,0.03,0.241,0.124481328
1108,5/13/2022,6,M23,3-6-M23,9.74,0.166,23,M,Azithromycin,1,-1,S. flexneri,M90T,Sf,100x,2022-05-13 - 6 - 9.74,0.166,0.03,0.274,0.109489051
1109,5/13/2022,6,M23,3-6-M23,10.82,0.166,23,M,Azithromycin,1,-1,S. flexneri,M90T,Sf,100x,2022-05-13 - 6 - 10.82,0.166,0.03,0.303,0.099009901
1110,5/13/2022,6,M23,3-6-M23,11.91,0.166,23,M,Azithromycin,1,-1,S. flexneri,M90T,Sf,100x,2022-05-13 - 6 - 11.91,0.166,0.03,0.323,0.092879257
1111,5/13/2022,6,M23,3-6-M23,12.99,0.169,23,M,Azithromycin,1,-1,S. flexneri,M90T,Sf,100x,2022-05-13 - 6 - 12.99,0.169,0.03,0.33,0.090909091
1112,5/13/2022,6,M3,3-6-M3,0,0.194,3,M,Azithromycin,1,30,S. flexneri,M90T,Sf,100x,2022-05-13 - 6 - 0.0,0.154,0.04,0.033,1.212121212
1113,5/13/2022,6,M3,3-6-M3,1.09,0.198,3,M,Azithromycin,1,30,S. flexneri,M90T,Sf,100x,2022-05-13 - 6 - 1.09,0.165,0.033,0.03,1.1
1114,5/13/2022,6,M3,3-6-M3,2.17,0.196,3,M,Azithromycin,1,30,S. flexneri,M90T,Sf,100x,2022-05-13 - 6 - 2.17,0.168,0.03,0.03,1
1115,5/13/2022,6,M3,3-6-M3,3.25,0.197,3,M,Azithromycin,1,30,S. flexneri,M90T,Sf,100x,2022-05-13 - 6 - 3.25,0.169,0.03,0.03,1
1116,5/13/2022,6,M3,3-6-M3,4.33,0.195,3,M,Azithromycin,1,30,S. flexneri,M90T,Sf,100x,2022-05-13 - 6 - 4.33,0.169,0.03,0.047,0.638297872
1117,5/13/2022,6,M3,3-6-M3,5.41,0.194,3,M,Azithromycin,1,30,S. flexneri,M90T,Sf,100x,2022-05-13 - 6 - 5.41,0.169,0.03,0.091,0.32967033
1118,5/13/2022,6,M3,3-6-M3,6.5,0.194,3,M,Azithromycin,1,30,S. flexneri,M90T,Sf,100x,2022-05-13 - 6 - 6.5,0.168,0.03,0.147,0.204081633
1119,5/13/2022,6,M3,3-6-M3,7.58,0.195,3,M,Azithromycin,1,30,S. flexneri,M90T,Sf,100x,2022-05-13 - 6 - 7.58,0.169,0.03,0.198,0.151515152
1120,5/13/2022,6,M3,3-6-M3,8.66,0.194,3,M,Azithromycin,1,30,S. flexneri,M90T,Sf,100x,2022-05-13 - 6 - 8.66,0.168,0.03,0.241,0.124481328
1121,5/13/2022,6,M3,3-6-M3,9.74,0.193,3,M,Azithromycin,1,30,S. flexneri,M90T,Sf,100x,2022-05-13 - 6 - 9.74,0.166,0.03,0.274,0.109489051
1122,5/13/2022,6,M3,3-6-M3,10.82,0.193,3,M,Azithromycin,1,30,S. flexneri,M90T,Sf,100x,2022-05-13 - 6 - 10.82,0.166,0.03,0.303,0.099009901
1123,5/13/2022,6,M3,3-6-M3,11.91,0.191,3,M,Azithromycin,1,30,S. flexneri,M90T,Sf,100x,2022-05-13 - 6 - 11.91,0.166,0.03,0.323,0.092879257
1124,5/13/2022,6,M3,3-6-M3,12.99,0.193,3,M,Azithromycin,1,30,S. flexneri,M90T,Sf,100x,2022-05-13 - 6 - 12.99,0.169,0.03,0.33,0.090909091
1125,5/13/2022,6,M5,3-6-M5,0,0.196,5,M,Azithromycin,1,10,S. flexneri,M90T,Sf,100x,2022-05-13 - 6 - 0.0,0.154,0.042,0.033,1.272727273
1126,5/13/2022,6,M5,3-6-M5,1.09,0.198,5,M,Azithromycin,1,10,S. flexneri,M90T,Sf,100x,2022-05-13 - 6 - 1.09,0.165,0.033,0.03,1.1
1127,5/13/2022,6,M5,3-6-M5,2.17,0.203,5,M,Azithromycin,1,10,S. flexneri,M90T,Sf,100x,2022-05-13 - 6 - 2.17,0.168,0.035,0.03,1.166666667
1128,5/13/2022,6,M5,3-6-M5,3.25,0.203,5,M,Azithromycin,1,10,S. flexneri,M90T,Sf,100x,2022-05-13 - 6 - 3.25,0.169,0.034,0.03,1.133333333
1129,5/13/2022,6,M5,3-6-M5,4.33,0.203,5,M,Azithromycin,1,10,S. flexneri,M90T,Sf,100x,2022-05-13 - 6 - 4.33,0.169,0.034,0.047,0.723404255
1130,5/13/2022,6,M5,3-6-M5,5.41,0.202,5,M,Azithromycin,1,10,S. flexneri,M90T,Sf,100x,2022-05-13 - 6 - 5.41,0.169,0.033,0.091,0.362637363
1131,5/13/2022,6,M5,3-6-M5,6.5,0.204,5,M,Azithromycin,1,10,S. flexneri,M90T,Sf,100x,2022-05-13 - 6 - 6.5,0.168,0.036,0.147,0.244897959
1132,5/13/2022,6,M5,3-6-M5,7.58,0.208,5,M,Azithromycin,1,10,S. flexneri,M90T,Sf,100x,2022-05-13 - 6 - 7.58,0.169,0.039,0.198,0.196969697
1133,5/13/2022,6,M5,3-6-M5,8.66,0.214,5,M,Azithromycin,1,10,S. flexneri,M90T,Sf,100x,2022-05-13 - 6 - 8.66,0.168,0.046,0.241,0.190871369
1134,5/13/2022,6,M5,3-6-M5,9.74,0.226,5,M,Azithromycin,1,10,S. flexneri,M90T,Sf,100x,2022-05-13 - 6 - 9.74,0.166,0.06,0.274,0.218978102
1135,5/13/2022,6,M5,3-6-M5,10.82,0.25,5,M,Azithromycin,1,10,S. flexneri,M90T,Sf,100x,2022-05-13 - 6 - 10.82,0.166,0.084,0.303,0.277227723
1136,5/13/2022,6,M5,3-6-M5,11.91,0.286,5,M,Azithromycin,1,10,S. flexneri,M90T,Sf,100x,2022-05-13 - 6 - 11.91,0.166,0.12,0.323,0.371517028
1137,5/13/2022,6,M5,3-6-M5,12.99,0.319,5,M,Azithromycin,1,10,S. flexneri,M90T,Sf,100x,2022-05-13 - 6 - 12.99,0.169,0.15,0.33,0.454545455
1138,5/13/2022,6,M7,3-6-M7,0,0.195,7,M,Azithromycin,1,3,S. flexneri,M90T,Sf,100x,2022-05-13 - 6 - 0.0,0.154,0.041,0.033,1.242424242
1139,5/13/2022,6,M7,3-6-M7,1.09,0.197,7,M,Azithromycin,1,3,S. flexneri,M90T,Sf,100x,2022-05-13 - 6 - 1.09,0.165,0.032,0.03,1.066666667
1140,5/13/2022,6,M7,3-6-M7,2.17,0.205,7,M,Azithromycin,1,3,S. flexneri,M90T,Sf,100x,2022-05-13 - 6 - 2.17,0.168,0.037,0.03,1.233333333
1141,5/13/2022,6,M7,3-6-M7,3.25,0.205,7,M,Azithromycin,1,3,S. flexneri,M90T,Sf,100x,2022-05-13 - 6 - 3.25,0.169,0.036,0.03,1.2
1142,5/13/2022,6,M7,3-6-M7,4.33,0.212,7,M,Azithromycin,1,3,S. flexneri,M90T,Sf,100x,2022-05-13 - 6 - 4.33,0.169,0.043,0.047,0.914893617
1143,5/13/2022,6,M7,3-6-M7,5.41,0.239,7,M,Azithromycin,1,3,S. flexneri,M90T,Sf,100x,2022-05-13 - 6 - 5.41,0.169,0.07,0.091,0.769230769
1144,5/13/2022,6,M7,3-6-M7,6.5,0.287,7,M,Azithromycin,1,3,S. flexneri,M90T,Sf,100x,2022-05-13 - 6 - 6.5,0.168,0.119,0.147,0.80952381
1145,5/13/2022,6,M7,3-6-M7,7.58,0.339,7,M,Azithromycin,1,3,S. flexneri,M90T,Sf,100x,2022-05-13 - 6 - 7.58,0.169,0.17,0.198,0.858585859
1146,5/13/2022,6,M7,3-6-M7,8.66,0.378,7,M,Azithromycin,1,3,S. flexneri,M90T,Sf,100x,2022-05-13 - 6 - 8.66,0.168,0.21,0.241,0.871369295
1147,5/13/2022,6,M7,3-6-M7,9.74,0.409,7,M,Azithromycin,1,3,S. flexneri,M90T,Sf,100x,2022-05-13 - 6 - 9.74,0.166,0.243,0.274,0.886861314
1148,5/13/2022,6,M7,3-6-M7,10.82,0.423,7,M,Azithromycin,1,3,S. flexneri,M90T,Sf,100x,2022-05-13 - 6 - 10.82,0.166,0.257,0.303,0.848184818
1149,5/13/2022,6,M7,3-6-M7,11.91,0.433,7,M,Azithromycin,1,3,S. flexneri,M90T,Sf,100x,2022-05-13 - 6 - 11.91,0.166,0.267,0.323,0.826625387
1150,5/13/2022,6,M7,3-6-M7,12.99,0.437,7,M,Azithromycin,1,3,S. flexneri,M90T,Sf,100x,2022-05-13 - 6 - 12.99,0.169,0.268,0.33,0.812121212
1151,5/13/2022,6,M9,3-6-M9,0,0.198,9,M,Azithromycin,1,1,S. flexneri,M90T,Sf,100x,2022-05-13 - 6 - 0.0,0.154,0.044,0.033,1.333333333
1152,5/13/2022,6,M9,3-6-M9,1.09,0.199,9,M,Azithromycin,1,1,S. flexneri,M90T,Sf,100x,2022-05-13 - 6 - 1.09,0.165,0.034,0.03,1.133333333
1153,5/13/2022,6,M9,3-6-M9,2.17,0.201,9,M,Azithromycin,1,1,S. flexneri,M90T,Sf,100x,2022-05-13 - 6 - 2.17,0.168,0.033,0.03,1.1
1154,5/13/2022,6,M9,3-6-M9,3.25,0.202,9,M,Azithromycin,1,1,S. flexneri,M90T,Sf,100x,2022-05-13 - 6 - 3.25,0.169,0.033,0.03,1.1
1155,5/13/2022,6,M9,3-6-M9,4.33,0.217,9,M,Azithromycin,1,1,S. flexneri,M90T,Sf,100x,2022-05-13 - 6 - 4.33,0.169,0.048,0.047,1.021276596
1156,5/13/2022,6,M9,3-6-M9,5.41,0.261,9,M,Azithromycin,1,1,S. flexneri,M90T,Sf,100x,2022-05-13 - 6 - 5.41,0.169,0.092,0.091,1.010989011
1157,5/13/2022,6,M9,3-6-M9,6.5,0.325,9,M,Azithromycin,1,1,S. flexneri,M90T,Sf,100x,2022-05-13 - 6 - 6.5,0.168,0.157,0.147,1.068027211
1158,5/13/2022,6,M9,3-6-M9,7.58,0.385,9,M,Azithromycin,1,1,S. flexneri,M90T,Sf,100x,2022-05-13 - 6 - 7.58,0.169,0.216,0.198,1.090909091
1159,5/13/2022,6,M9,3-6-M9,8.66,0.431,9,M,Azithromycin,1,1,S. flexneri,M90T,Sf,100x,2022-05-13 - 6 - 8.66,0.168,0.263,0.241,1.091286307
1160,5/13/2022,6,M9,3-6-M9,9.74,0.466,9,M,Azithromycin,1,1,S. flexneri,M90T,Sf,100x,2022-05-13 - 6 - 9.74,0.166,0.3,0.274,1.094890511
1161,5/13/2022,6,M9,3-6-M9,10.82,0.479,9,M,Azithromycin,1,1,S. flexneri,M90T,Sf,100x,2022-05-13 - 6 - 10.82,0.166,0.313,0.303,1.0330033
1162,5/13/2022,6,M9,3-6-M9,11.91,0.492,9,M,Azithromycin,1,1,S. flexneri,M90T,Sf,100x,2022-05-13 - 6 - 11.91,0.166,0.326,0.323,1.009287926
1163,5/13/2022,6,M9,3-6-M9,12.99,0.491,9,M,Azithromycin,1,1,S. flexneri,M90T,Sf,100x,2022-05-13 - 6 - 12.99,0.169,0.322,0.33,0.975757576
